/*M!999999\- enable the sandbox mode */ 
-- MariaDB dump 10.19-11.8.3-MariaDB, for Win64 (AMD64)
--
-- Host: 127.0.0.1    Database: ednevnik_tenant_db_tenant_id_2
-- ------------------------------------------------------
-- Server version	11.8.3-MariaDB-log

/*!40101 SET @OLD_CHARACTER_SET_CLIENT=@@CHARACTER_SET_CLIENT */;
/*!40101 SET @OLD_CHARACTER_SET_RESULTS=@@CHARACTER_SET_RESULTS */;
/*!40101 SET @OLD_COLLATION_CONNECTION=@@COLLATION_CONNECTION */;
/*!40101 SET NAMES utf8mb4 */;
/*!40103 SET @OLD_TIME_ZONE=@@TIME_ZONE */;
/*!40103 SET TIME_ZONE='+00:00' */;
/*!40014 SET @OLD_UNIQUE_CHECKS=@@UNIQUE_CHECKS, UNIQUE_CHECKS=0 */;
/*!40014 SET @OLD_FOREIGN_KEY_CHECKS=@@FOREIGN_KEY_CHECKS, FOREIGN_KEY_CHECKS=0 */;
/*!40101 SET @OLD_SQL_MODE=@@SQL_MODE, SQL_MODE='NO_AUTO_VALUE_ON_ZERO' */;
/*M!100616 SET @OLD_NOTE_VERBOSITY=@@NOTE_VERBOSITY, NOTE_VERBOSITY=0 */;

--
-- Current Database: `ednevnik_tenant_db_tenant_id_2`
--

/*!40000 DROP DATABASE IF EXISTS `ednevnik_tenant_db_tenant_id_2`*/;

CREATE DATABASE /*!32312 IF NOT EXISTS*/ `ednevnik_tenant_db_tenant_id_2` /*!40100 DEFAULT CHARACTER SET utf8mb4 COLLATE utf8mb4_bin */;

USE `ednevnik_tenant_db_tenant_id_2`;

--
-- Table structure for table `class_lesson`
--

DROP TABLE IF EXISTS `class_lesson`;
/*!40101 SET @saved_cs_client     = @@character_set_client */;
/*!40101 SET character_set_client = utf8mb4 */;
CREATE TABLE `class_lesson` (
  `id` int(11) NOT NULL AUTO_INCREMENT,
  `description` varchar(255) DEFAULT NULL,
  `date` date NOT NULL,
  `period_number` int(11) NOT NULL DEFAULT 1,
  `section_id` int(11) DEFAULT NULL,
  `subject_code` varchar(15) DEFAULT NULL,
  `signature` varchar(128) DEFAULT NULL,
  PRIMARY KEY (`id`),
  KEY `section_id` (`section_id`),
  KEY `subject_code` (`subject_code`),
  KEY `idx_class_lesson_date_period` (`date`,`period_number`),
  CONSTRAINT `class_lesson_ibfk_1` FOREIGN KEY (`section_id`) REFERENCES `sections` (`id`) ON DELETE CASCADE,
  CONSTRAINT `class_lesson_ibfk_2` FOREIGN KEY (`subject_code`) REFERENCES `ednevnik_workspace`.`subjects` (`subject_code`)
) ENGINE=InnoDB AUTO_INCREMENT=41 DEFAULT CHARSET=utf8mb4 COLLATE=utf8mb4_bin WITH SYSTEM VERSIONING;
/*!40101 SET character_set_client = @saved_cs_client */;

--
-- Dumping data for table `class_lesson`
--

LOCK TABLES `class_lesson` WRITE;
/*!40000 ALTER TABLE `class_lesson` DISABLE KEYS */;
set autocommit=0;
INSERT INTO `class_lesson` VALUES
(1,'Demo čas za I-A','2025-09-01',1,7,'FIZ','Script User'),
(2,'Demo čas za I-A','2025-09-01',1,7,'HEM','Script User'),
(3,'Demo čas za I-A','2025-09-01',1,7,'HIS','Script User'),
(4,'Demo čas za I-A','2025-09-01',1,7,'INF','Script User'),
(5,'Demo čas za I-A','2025-09-01',1,7,'MM','Script User'),
(6,'Demo čas za I-B','2025-09-01',1,8,'OSELEK','Script User'),
(7,'Demo čas za I-B','2025-09-01',1,8,'PRKS','Script User'),
(8,'Demo čas za I-B','2025-09-01',1,8,'TEHCRT','Script User'),
(9,'Demo čas za I-B','2025-09-01',1,8,'TIZO','Script User'),
(10,'Demo čas za I-B','2025-09-01',1,8,'VJR','Script User'),
(11,'Demo čas za II-A','2025-09-01',1,9,'ENG','Script User'),
(12,'Demo čas za II-A','2025-09-01',1,9,'FIZ','Script User'),
(13,'Demo čas za II-A','2025-09-01',1,9,'HIS','Script User'),
(14,'Demo čas za II-A','2025-09-01',1,9,'INF','Script User'),
(15,'Demo čas za II-A','2025-09-01',1,9,'MM','Script User'),
(16,'Demo čas za II-B','2025-09-01',1,10,'PRKS','Script User'),
(17,'Demo čas za II-B','2025-09-01',1,10,'TIZO','Script User'),
(18,'Demo čas za II-B','2025-09-01',1,10,'VJR','Script User'),
(19,'Demo čas za II-B','2025-09-01',1,10,'BJZ','Script User'),
(20,'Demo čas za II-B','2025-09-01',1,10,'ELEKTRON','Script User'),
(21,'Demo čas za III-A','2025-09-01',1,11,'PRKS','Script User'),
(22,'Demo čas za III-A','2025-09-01',1,11,'RIP','Script User'),
(23,'Demo čas za III-A','2025-09-01',1,11,'TIZO','Script User'),
(24,'Demo čas za III-A','2025-09-01',1,11,'VJR','Script User'),
(25,'Demo čas za III-A','2025-09-01',1,11,'AUTO','Script User'),
(26,'Demo čas za III-B','2025-09-01',1,12,'BJZ','Script User'),
(27,'Demo čas za III-B','2025-09-01',1,12,'DEMOK','Script User'),
(28,'Demo čas za III-B','2025-09-01',1,12,'ELEKTRON','Script User'),
(29,'Demo čas za III-B','2025-09-01',1,12,'ELENERG','Script User'),
(30,'Demo čas za III-B','2025-09-01',1,12,'ELMJER','Script User'),
(31,'Demo čas za IV-A','2025-09-01',1,13,'ENG','Script User'),
(32,'Demo čas za IV-A','2025-09-01',1,13,'MM','Script User'),
(33,'Demo čas za IV-A','2025-09-01',1,13,'PRKS','Script User'),
(34,'Demo čas za IV-A','2025-09-01',1,13,'RIP','Script User'),
(35,'Demo čas za IV-A','2025-09-01',1,13,'SOCIO','Script User'),
(36,'Demo čas za IV-B','2025-09-01',1,14,'TIZO','Script User'),
(37,'Demo čas za IV-B','2025-09-01',1,14,'VJR','Script User'),
(38,'Demo čas za IV-B','2025-09-01',1,14,'AUTO','Script User'),
(39,'Demo čas za IV-B','2025-09-01',1,14,'BJZ','Script User'),
(40,'Demo čas za IV-B','2025-09-01',1,14,'DRM','Script User');
/*!40000 ALTER TABLE `class_lesson` ENABLE KEYS */;
UNLOCK TABLES;
commit;

--
-- Table structure for table `classroom`
--

DROP TABLE IF EXISTS `classroom`;
/*!40101 SET @saved_cs_client     = @@character_set_client */;
/*!40101 SET character_set_client = utf8mb4 */;
CREATE TABLE `classroom` (
  `code` varchar(20) NOT NULL,
  `capacity` int(11) NOT NULL,
  `type` varchar(40) DEFAULT NULL,
  PRIMARY KEY (`code`)
) ENGINE=InnoDB DEFAULT CHARSET=utf8mb4 COLLATE=utf8mb4_bin;
/*!40101 SET character_set_client = @saved_cs_client */;

--
-- Dumping data for table `classroom`
--

LOCK TABLES `classroom` WRITE;
/*!40000 ALTER TABLE `classroom` DISABLE KEYS */;
set autocommit=0;
/*!40000 ALTER TABLE `classroom` ENABLE KEYS */;
UNLOCK TABLES;
commit;

--
-- Table structure for table `homeroom_assignments`
--

DROP TABLE IF EXISTS `homeroom_assignments`;
/*!40101 SET @saved_cs_client     = @@character_set_client */;
/*!40101 SET character_set_client = utf8mb4 */;
CREATE TABLE `homeroom_assignments` (
  `id` int(11) NOT NULL AUTO_INCREMENT,
  `section_id` int(11) NOT NULL,
  `teacher_id` int(11) NOT NULL,
  PRIMARY KEY (`id`),
  UNIQUE KEY `section_id` (`section_id`),
  KEY `idx_homeroom_teacher_section` (`teacher_id`,`section_id`),
  CONSTRAINT `homeroom_assignments_ibfk_1` FOREIGN KEY (`section_id`) REFERENCES `sections` (`id`) ON DELETE CASCADE,
  CONSTRAINT `homeroom_assignments_ibfk_2` FOREIGN KEY (`teacher_id`) REFERENCES `ednevnik_workspace`.`teachers` (`id`)
) ENGINE=InnoDB DEFAULT CHARSET=utf8mb4 COLLATE=utf8mb4_bin;
/*!40101 SET character_set_client = @saved_cs_client */;

--
-- Dumping data for table `homeroom_assignments`
--

LOCK TABLES `homeroom_assignments` WRITE;
/*!40000 ALTER TABLE `homeroom_assignments` DISABLE KEYS */;
set autocommit=0;
/*!40000 ALTER TABLE `homeroom_assignments` ENABLE KEYS */;
UNLOCK TABLES;
commit;

--
-- Table structure for table `pupil_attendance`
--

DROP TABLE IF EXISTS `pupil_attendance`;
/*!40101 SET @saved_cs_client     = @@character_set_client */;
/*!40101 SET character_set_client = utf8mb4 */;
CREATE TABLE `pupil_attendance` (
  `pupil_id` int(11) NOT NULL,
  `lesson_id` int(11) NOT NULL,
  `status` enum('present','absent','unexcused','excused') DEFAULT NULL,
  PRIMARY KEY (`pupil_id`,`lesson_id`),
  KEY `lesson_id` (`lesson_id`),
  CONSTRAINT `pupil_attendance_ibfk_1` FOREIGN KEY (`pupil_id`) REFERENCES `pupils` (`id`) ON DELETE CASCADE,
  CONSTRAINT `pupil_attendance_ibfk_2` FOREIGN KEY (`lesson_id`) REFERENCES `class_lesson` (`id`) ON DELETE CASCADE
) ENGINE=InnoDB DEFAULT CHARSET=utf8mb4 COLLATE=utf8mb4_bin WITH SYSTEM VERSIONING;
/*!40101 SET character_set_client = @saved_cs_client */;

--
-- Dumping data for table `pupil_attendance`
--

LOCK TABLES `pupil_attendance` WRITE;
/*!40000 ALTER TABLE `pupil_attendance` DISABLE KEYS */;
set autocommit=0;
INSERT INTO `pupil_attendance` VALUES
(2,1,'excused'),
(3,2,'absent'),
(4,3,'unexcused'),
(5,4,'excused'),
(6,5,'absent'),
(7,6,'unexcused'),
(8,7,'excused'),
(9,8,'absent'),
(10,9,'unexcused'),
(11,10,'excused'),
(12,11,'absent'),
(13,12,'unexcused'),
(14,13,'excused'),
(15,14,'absent'),
(16,15,'unexcused'),
(17,16,'excused'),
(18,17,'absent'),
(19,18,'unexcused'),
(20,19,'excused'),
(21,20,'absent'),
(22,21,'unexcused'),
(23,22,'excused'),
(24,23,'absent'),
(25,24,'unexcused'),
(26,25,'excused'),
(27,26,'absent'),
(28,27,'unexcused'),
(29,28,'excused'),
(30,29,'absent'),
(31,30,'unexcused'),
(32,31,'excused'),
(33,32,'absent'),
(34,33,'unexcused'),
(35,34,'excused'),
(36,35,'absent'),
(37,36,'unexcused'),
(38,37,'excused'),
(39,38,'absent'),
(40,39,'unexcused'),
(41,40,'excused');
/*!40000 ALTER TABLE `pupil_attendance` ENABLE KEYS */;
UNLOCK TABLES;
commit;

--
-- Table structure for table `pupil_behaviour`
--

DROP TABLE IF EXISTS `pupil_behaviour`;
/*!40101 SET @saved_cs_client     = @@character_set_client */;
/*!40101 SET character_set_client = utf8mb4 */;
CREATE TABLE `pupil_behaviour` (
  `id` int(11) NOT NULL AUTO_INCREMENT,
  `pupil_id` int(11) NOT NULL,
  `section_id` int(11) NOT NULL,
  `behaviour` enum('primjerno','vrlodobro','dobro','zadovoljavajuće','loše') NOT NULL DEFAULT 'primjerno',
  `semester_code` varchar(10) DEFAULT NULL,
  `signature` varchar(128) DEFAULT NULL,
  PRIMARY KEY (`id`),
  KEY `semester_code` (`semester_code`),
  KEY `idx_behaviour_pupil_section_semester` (`pupil_id`,`section_id`,`semester_code`),
  CONSTRAINT `pupil_behaviour_ibfk_1` FOREIGN KEY (`pupil_id`, `section_id`) REFERENCES `pupils_sections` (`pupil_id`, `section_id`) ON DELETE CASCADE,
  CONSTRAINT `pupil_behaviour_ibfk_2` FOREIGN KEY (`semester_code`) REFERENCES `ednevnik_workspace`.`semester` (`semester_code`)
) ENGINE=InnoDB AUTO_INCREMENT=120 DEFAULT CHARSET=utf8mb4 COLLATE=utf8mb4_bin WITH SYSTEM VERSIONING;
/*!40101 SET character_set_client = @saved_cs_client */;

--
-- Dumping data for table `pupil_behaviour`
--

LOCK TABLES `pupil_behaviour` WRITE;
/*!40000 ALTER TABLE `pupil_behaviour` DISABLE KEYS */;
set autocommit=0;
INSERT INTO `pupil_behaviour` VALUES
(1,2,7,'primjerno','1POL','Nermin Hadzic'),
(2,2,7,'primjerno','2POL','Nermin Hadzic'),
(4,3,7,'primjerno','1POL','Nermin Hadzic'),
(5,3,7,'primjerno','2POL','Nermin Hadzic'),
(7,4,7,'primjerno','1POL','Nermin Hadzic'),
(8,4,7,'primjerno','2POL','Nermin Hadzic'),
(10,5,7,'primjerno','1POL','Nermin Hadzic'),
(11,5,7,'primjerno','2POL','Nermin Hadzic'),
(13,6,7,'primjerno','1POL','Nermin Hadzic'),
(14,6,7,'primjerno','2POL','Nermin Hadzic'),
(16,7,8,'primjerno','1POL','Nermin Hadzic'),
(17,7,8,'primjerno','2POL','Nermin Hadzic'),
(19,8,8,'primjerno','1POL','Nermin Hadzic'),
(20,8,8,'primjerno','2POL','Nermin Hadzic'),
(22,9,8,'primjerno','1POL','Nermin Hadzic'),
(23,9,8,'primjerno','2POL','Nermin Hadzic'),
(25,10,8,'primjerno','1POL','Nermin Hadzic'),
(26,10,8,'primjerno','2POL','Nermin Hadzic'),
(28,11,8,'primjerno','1POL','Nermin Hadzic'),
(29,11,8,'primjerno','2POL','Nermin Hadzic'),
(31,12,9,'primjerno','1POL','Nermin Hadzic'),
(32,12,9,'primjerno','2POL','Nermin Hadzic'),
(34,13,9,'primjerno','1POL','Nermin Hadzic'),
(35,13,9,'primjerno','2POL','Nermin Hadzic'),
(37,14,9,'primjerno','1POL','Nermin Hadzic'),
(38,14,9,'primjerno','2POL','Nermin Hadzic'),
(40,15,9,'primjerno','1POL','Nermin Hadzic'),
(41,15,9,'primjerno','2POL','Nermin Hadzic'),
(43,16,9,'primjerno','1POL','Nermin Hadzic'),
(44,16,9,'primjerno','2POL','Nermin Hadzic'),
(46,17,10,'primjerno','1POL','Nermin Hadzic'),
(47,17,10,'primjerno','2POL','Nermin Hadzic'),
(49,18,10,'primjerno','1POL','Nermin Hadzic'),
(50,18,10,'primjerno','2POL','Nermin Hadzic'),
(52,19,10,'primjerno','1POL','Nermin Hadzic'),
(53,19,10,'primjerno','2POL','Nermin Hadzic'),
(55,20,10,'primjerno','1POL','Nermin Hadzic'),
(56,20,10,'primjerno','2POL','Nermin Hadzic'),
(58,21,10,'primjerno','1POL','Nermin Hadzic'),
(59,21,10,'primjerno','2POL','Nermin Hadzic'),
(61,22,11,'primjerno','1POL','Nermin Hadzic'),
(62,22,11,'primjerno','2POL','Nermin Hadzic'),
(64,23,11,'primjerno','1POL','Nermin Hadzic'),
(65,23,11,'primjerno','2POL','Nermin Hadzic'),
(67,24,11,'primjerno','1POL','Nermin Hadzic'),
(68,24,11,'primjerno','2POL','Nermin Hadzic'),
(70,25,11,'primjerno','1POL','Nermin Hadzic'),
(71,25,11,'primjerno','2POL','Nermin Hadzic'),
(73,26,11,'primjerno','1POL','Nermin Hadzic'),
(74,26,11,'primjerno','2POL','Nermin Hadzic'),
(76,27,12,'primjerno','1POL','Nermin Hadzic'),
(77,27,12,'primjerno','2POL','Nermin Hadzic'),
(79,28,12,'primjerno','1POL','Nermin Hadzic'),
(80,28,12,'primjerno','2POL','Nermin Hadzic'),
(82,29,12,'primjerno','1POL','Nermin Hadzic'),
(83,29,12,'primjerno','2POL','Nermin Hadzic'),
(85,30,12,'primjerno','1POL','Nermin Hadzic'),
(86,30,12,'primjerno','2POL','Nermin Hadzic'),
(88,31,12,'primjerno','1POL','Nermin Hadzic'),
(89,31,12,'primjerno','2POL','Nermin Hadzic'),
(91,32,13,'primjerno','1POL','Nermin Hadzic'),
(92,32,13,'primjerno','2POL','Nermin Hadzic'),
(94,33,13,'primjerno','1POL','Nermin Hadzic'),
(95,33,13,'primjerno','2POL','Nermin Hadzic'),
(97,34,13,'primjerno','1POL','Nermin Hadzic'),
(98,34,13,'primjerno','2POL','Nermin Hadzic'),
(100,35,13,'primjerno','1POL','Nermin Hadzic'),
(101,35,13,'primjerno','2POL','Nermin Hadzic'),
(103,36,13,'primjerno','1POL','Nermin Hadzic'),
(104,36,13,'primjerno','2POL','Nermin Hadzic'),
(106,37,14,'primjerno','1POL','Nermin Hadzic'),
(107,37,14,'primjerno','2POL','Nermin Hadzic'),
(109,38,14,'primjerno','1POL','Nermin Hadzic'),
(110,38,14,'primjerno','2POL','Nermin Hadzic'),
(112,39,14,'primjerno','1POL','Nermin Hadzic'),
(113,39,14,'primjerno','2POL','Nermin Hadzic'),
(115,40,14,'primjerno','1POL','Nermin Hadzic'),
(116,40,14,'primjerno','2POL','Nermin Hadzic'),
(118,41,14,'primjerno','1POL','Nermin Hadzic'),
(119,41,14,'primjerno','2POL','Nermin Hadzic');
/*!40000 ALTER TABLE `pupil_behaviour` ENABLE KEYS */;
UNLOCK TABLES;
commit;

--
-- Table structure for table `pupils`
--

DROP TABLE IF EXISTS `pupils`;
/*!40101 SET @saved_cs_client     = @@character_set_client */;
/*!40101 SET character_set_client = utf8mb4 */;
CREATE TABLE `pupils` (
  `id` int(11) NOT NULL,
  `name` varchar(50) NOT NULL,
  `last_name` varchar(50) NOT NULL,
  `jmbg` varchar(13) DEFAULT NULL,
  `gender` enum('M','F') DEFAULT NULL,
  `address` varchar(200) DEFAULT NULL,
  `guardian_name` varchar(100) NOT NULL,
  `phone_number` varchar(20) DEFAULT NULL,
  `guardian_number` varchar(20) DEFAULT NULL,
  `date_of_birth` date DEFAULT NULL,
  `religion` enum('Islam','Catholic','Orthodox','Jewish','Other','NotAttendingReligion') DEFAULT NULL,
  `place_of_birth` varchar(100) NOT NULL,
  `account_id` int(11) DEFAULT NULL,
  PRIMARY KEY (`id`),
  UNIQUE KEY `jmbg` (`jmbg`),
  UNIQUE KEY `phone_number` (`phone_number`),
  UNIQUE KEY `guardian_number` (`guardian_number`),
  KEY `account_id` (`account_id`),
  KEY `idx_pupil_last_name_name` (`last_name`,`name`),
  CONSTRAINT `pupils_ibfk_1` FOREIGN KEY (`id`) REFERENCES `ednevnik_workspace`.`pupil_global` (`id`),
  CONSTRAINT `pupils_ibfk_2` FOREIGN KEY (`account_id`) REFERENCES `ednevnik_workspace`.`accounts` (`id`)
) ENGINE=InnoDB DEFAULT CHARSET=utf8mb4 COLLATE=utf8mb4_bin;
/*!40101 SET character_set_client = @saved_cs_client */;

--
-- Dumping data for table `pupils`
--

LOCK TABLES `pupils` WRITE;
/*!40000 ALTER TABLE `pupils` DISABLE KEYS */;
set autocommit=0;
INSERT INTO `pupils` VALUES
(2,'Muhamed','Ibric',NULL,'M','Ulica','Staratelj','06AI201','06AI221','2005-01-01','Islam','Grad',6),
(3,'Tarik','Mujic',NULL,'M','Ulica','Staratelj','06AI202','06AI222','2005-01-01','Islam','Grad',7),
(4,'Adis','Softic',NULL,'M','Ulica','Staratelj','06AI203','06AI223','2005-01-01','Islam','Grad',8),
(5,'Sara','Spahic',NULL,'M','Ulica','Staratelj','06AI204','06AI224','2005-01-01','Islam','Grad',9),
(6,'Ajdin','Ahmetovic',NULL,'M','Ulica','Staratelj','06AI205','06AI225','2005-01-01','Islam','Grad',10),
(7,'Lejla','Delic',NULL,'M','Ulica','Staratelj','06BI201','06BI221','2005-01-01','Islam','Grad',11),
(8,'Adis','Begovic',NULL,'M','Ulica','Staratelj','06BI202','06BI222','2005-01-01','Islam','Grad',12),
(9,'Tarik','Delic',NULL,'M','Ulica','Staratelj','06BI203','06BI223','2005-01-01','Islam','Grad',13),
(10,'Samra','Delic',NULL,'M','Ulica','Staratelj','06BI204','06BI224','2005-01-01','Islam','Grad',14),
(11,'Samra','Softic',NULL,'M','Ulica','Staratelj','06BI205','06BI225','2005-01-01','Islam','Grad',15),
(12,'Tarik','Begovic',NULL,'M','Ulica','Staratelj','06AII201','06AII221','2005-01-01','Islam','Grad',16),
(13,'Tarik','Begovic',NULL,'M','Ulica','Staratelj','06AII202','06AII222','2005-01-01','Islam','Grad',17),
(14,'Samra','Hodzic',NULL,'M','Ulica','Staratelj','06AII203','06AII223','2005-01-01','Islam','Grad',18),
(15,'Tarik','Hodzic',NULL,'M','Ulica','Staratelj','06AII204','06AII224','2005-01-01','Islam','Grad',19),
(16,'Samra','Softic',NULL,'M','Ulica','Staratelj','06AII205','06AII225','2005-01-01','Islam','Grad',20),
(17,'Jasmina','Ahmetovic',NULL,'M','Ulica','Staratelj','06BII201','06BII221','2005-01-01','Islam','Grad',21),
(18,'Lejla','Hodzic',NULL,'M','Ulica','Staratelj','06BII202','06BII222','2005-01-01','Islam','Grad',22),
(19,'Lejla','Kadric',NULL,'M','Ulica','Staratelj','06BII203','06BII223','2005-01-01','Islam','Grad',23),
(20,'Eldar','Delic',NULL,'M','Ulica','Staratelj','06BII204','06BII224','2005-01-01','Islam','Grad',24),
(21,'Samra','Mujic',NULL,'M','Ulica','Staratelj','06BII205','06BII225','2005-01-01','Islam','Grad',25),
(22,'Ajdin','Mujic',NULL,'M','Ulica','Staratelj','06AIII201','06AIII221','2005-01-01','Islam','Grad',26),
(23,'Muhamed','Hodzic',NULL,'M','Ulica','Staratelj','06AIII202','06AIII222','2005-01-01','Islam','Grad',27),
(24,'Ajdin','Mujic',NULL,'M','Ulica','Staratelj','06AIII203','06AIII223','2005-01-01','Islam','Grad',28),
(25,'Tarik','Kavazovic',NULL,'M','Ulica','Staratelj','06AIII204','06AIII224','2005-01-01','Islam','Grad',29),
(26,'Eldar','Kadric',NULL,'M','Ulica','Staratelj','06AIII205','06AIII225','2005-01-01','Islam','Grad',30),
(27,'Tarik','Spahic',NULL,'M','Ulica','Staratelj','06BIII201','06BIII221','2005-01-01','Islam','Grad',31),
(28,'Adis','Kavazovic',NULL,'M','Ulica','Staratelj','06BIII202','06BIII222','2005-01-01','Islam','Grad',32),
(29,'Samra','Softic',NULL,'M','Ulica','Staratelj','06BIII203','06BIII223','2005-01-01','Islam','Grad',33),
(30,'Lejla','Ibric',NULL,'M','Ulica','Staratelj','06BIII204','06BIII224','2005-01-01','Islam','Grad',34),
(31,'Hana','Ahmetovic',NULL,'M','Ulica','Staratelj','06BIII205','06BIII225','2005-01-01','Islam','Grad',35),
(32,'Jasmina','Kadric',NULL,'M','Ulica','Staratelj','06AIV201','06AIV221','2005-01-01','Islam','Grad',36),
(33,'Samra','Mujic',NULL,'M','Ulica','Staratelj','06AIV202','06AIV222','2005-01-01','Islam','Grad',37),
(34,'Eldar','Ahmetovic',NULL,'M','Ulica','Staratelj','06AIV203','06AIV223','2005-01-01','Islam','Grad',38),
(35,'Samra','Ahmetovic',NULL,'M','Ulica','Staratelj','06AIV204','06AIV224','2005-01-01','Islam','Grad',39),
(36,'Hana','Hodzic',NULL,'M','Ulica','Staratelj','06AIV205','06AIV225','2005-01-01','Islam','Grad',40),
(37,'Eldar','Spahic',NULL,'M','Ulica','Staratelj','06BIV201','06BIV221','2005-01-01','Islam','Grad',41),
(38,'Muhamed','Delic',NULL,'M','Ulica','Staratelj','06BIV202','06BIV222','2005-01-01','Islam','Grad',42),
(39,'Eldar','Kadric',NULL,'M','Ulica','Staratelj','06BIV203','06BIV223','2005-01-01','Islam','Grad',43),
(40,'Jasmina','Kadric',NULL,'M','Ulica','Staratelj','06BIV204','06BIV224','2005-01-01','Islam','Grad',44),
(41,'Tarik','Spahic',NULL,'M','Ulica','Staratelj','06BIV205','06BIV225','2005-01-01','Islam','Grad',45);
/*!40000 ALTER TABLE `pupils` ENABLE KEYS */;
UNLOCK TABLES;
commit;

--
-- Table structure for table `pupils_sections`
--

DROP TABLE IF EXISTS `pupils_sections`;
/*!40101 SET @saved_cs_client     = @@character_set_client */;
/*!40101 SET character_set_client = utf8mb4 */;
CREATE TABLE `pupils_sections` (
  `pupil_id` int(11) NOT NULL,
  `section_id` int(11) NOT NULL,
  `is_active` tinyint(1) NOT NULL DEFAULT 1,
  PRIMARY KEY (`pupil_id`,`section_id`),
  KEY `section_id` (`section_id`),
  CONSTRAINT `pupils_sections_ibfk_1` FOREIGN KEY (`pupil_id`) REFERENCES `pupils` (`id`) ON DELETE CASCADE,
  CONSTRAINT `pupils_sections_ibfk_2` FOREIGN KEY (`section_id`) REFERENCES `sections` (`id`) ON DELETE CASCADE
) ENGINE=InnoDB DEFAULT CHARSET=utf8mb4 COLLATE=utf8mb4_bin WITH SYSTEM VERSIONING;
/*!40101 SET character_set_client = @saved_cs_client */;

--
-- Dumping data for table `pupils_sections`
--

LOCK TABLES `pupils_sections` WRITE;
/*!40000 ALTER TABLE `pupils_sections` DISABLE KEYS */;
set autocommit=0;
INSERT INTO `pupils_sections` VALUES
(2,7,1),
(3,7,1),
(4,7,1),
(5,7,1),
(6,7,1),
(7,8,1),
(8,8,1),
(9,8,1),
(10,8,1),
(11,8,1),
(12,9,1),
(13,9,1),
(14,9,1),
(15,9,1),
(16,9,1),
(17,10,1),
(18,10,1),
(19,10,1),
(20,10,1),
(21,10,1),
(22,11,1),
(23,11,1),
(24,11,1),
(25,11,1),
(26,11,1),
(27,12,1),
(28,12,1),
(29,12,1),
(30,12,1),
(31,12,1),
(32,13,1),
(33,13,1),
(34,13,1),
(35,13,1),
(36,13,1),
(37,14,1),
(38,14,1),
(39,14,1),
(40,14,1),
(41,14,1);
/*!40000 ALTER TABLE `pupils_sections` ENABLE KEYS */;
UNLOCK TABLES;
commit;
/*!50003 SET @saved_cs_client      = @@character_set_client */ ;
/*!50003 SET @saved_cs_results     = @@character_set_results */ ;
/*!50003 SET @saved_col_connection = @@collation_connection */ ;
/*!50003 SET character_set_client  = utf8mb4 */ ;
/*!50003 SET character_set_results = utf8mb4 */ ;
/*!50003 SET collation_connection  = utf8mb4_uca1400_ai_ci */ ;
/*!50003 SET @saved_sql_mode       = @@sql_mode */ ;
/*!50003 SET sql_mode              = 'STRICT_TRANS_TABLES,ERROR_FOR_DIVISION_BY_ZERO,NO_AUTO_CREATE_USER,NO_ENGINE_SUBSTITUTION' */ ;
DELIMITER ;;
/*!50003 CREATE*/ /*!50017 DEFINER=`service_reader`@`localhost`*/ /*!50003 TRIGGER create_pupil_behaviour_after_pupil_section_insert
AFTER INSERT ON pupils_sections
FOR EACH ROW
BEGIN
    DECLARE signature_name VARCHAR(128);
    SELECT CONCAT(t.name, ' ', t.last_name)
    INTO signature_name
    FROM homeroom_assignments ha
    JOIN ednevnik_workspace.teachers t ON ha.teacher_id = t.id
    WHERE ha.section_id = NEW.section_id
    LIMIT 1;
    IF signature_name IS NULL THEN
        SELECT CONCAT(ta.name, ' ', ta.last_name)
        INTO signature_name
        FROM sections s
        JOIN ednevnik_workspace.tenant ten ON s.tenant_id = ten.id
        JOIN ednevnik_workspace.teachers ta ON ten.tenant_admin_id = ta.id
        WHERE s.id = NEW.section_id
        LIMIT 1;
    END IF;
    INSERT INTO pupil_behaviour (pupil_id, section_id, semester_code, signature)
    SELECT
        NEW.pupil_id,
        NEW.section_id,
        s.semester_code,
        signature_name
    FROM ednevnik_workspace.semester s;
END */;;
DELIMITER ;
/*!50003 SET sql_mode              = @saved_sql_mode */ ;
/*!50003 SET character_set_client  = @saved_cs_client */ ;
/*!50003 SET character_set_results = @saved_cs_results */ ;
/*!50003 SET collation_connection  = @saved_col_connection */ ;

--
-- Table structure for table `pupils_sections_invite`
--

DROP TABLE IF EXISTS `pupils_sections_invite`;
/*!40101 SET @saved_cs_client     = @@character_set_client */;
/*!40101 SET character_set_client = utf8mb4 */;
CREATE TABLE `pupils_sections_invite` (
  `id` int(11) NOT NULL AUTO_INCREMENT,
  `pupil_id` int(11) DEFAULT NULL,
  `section_id` int(11) DEFAULT NULL,
  `invite_date` date DEFAULT curdate(),
  `status` enum('pending','accepted','declined') DEFAULT 'pending',
  PRIMARY KEY (`id`),
  KEY `pupil_id` (`pupil_id`),
  KEY `idx_psi_section_pupil_status` (`section_id`,`pupil_id`,`status`),
  KEY `idx_psi_section_status` (`section_id`,`status`),
  CONSTRAINT `pupils_sections_invite_ibfk_1` FOREIGN KEY (`pupil_id`) REFERENCES `ednevnik_workspace`.`pupil_global` (`id`),
  CONSTRAINT `pupils_sections_invite_ibfk_2` FOREIGN KEY (`section_id`) REFERENCES `sections` (`id`) ON DELETE CASCADE
) ENGINE=InnoDB DEFAULT CHARSET=utf8mb4 COLLATE=utf8mb4_bin;
/*!40101 SET character_set_client = @saved_cs_client */;

--
-- Dumping data for table `pupils_sections_invite`
--

LOCK TABLES `pupils_sections_invite` WRITE;
/*!40000 ALTER TABLE `pupils_sections_invite` DISABLE KEYS */;
set autocommit=0;
/*!40000 ALTER TABLE `pupils_sections_invite` ENABLE KEYS */;
UNLOCK TABLES;
commit;

--
-- Table structure for table `schedule`
--

DROP TABLE IF EXISTS `schedule`;
/*!40101 SET @saved_cs_client     = @@character_set_client */;
/*!40101 SET character_set_client = utf8mb4 */;
CREATE TABLE `schedule` (
  `id` int(11) NOT NULL AUTO_INCREMENT,
  `section_id` int(11) NOT NULL,
  `time_period_id` int(11) NOT NULL,
  `subject_code` varchar(15) NOT NULL,
  `weekday` enum('Monday','Tuesday','Wednesday','Thursday','Friday','Saturday','Sunday') NOT NULL,
  `classroom_code` varchar(40) DEFAULT NULL,
  `type` enum('regular','additional','remedial') NOT NULL DEFAULT 'regular',
  `batch_id` varchar(50) NOT NULL,
  PRIMARY KEY (`id`),
  KEY `section_id` (`section_id`),
  KEY `time_period_id` (`time_period_id`),
  KEY `subject_code` (`subject_code`),
  KEY `classroom_code` (`classroom_code`),
  CONSTRAINT `schedule_ibfk_1` FOREIGN KEY (`section_id`) REFERENCES `sections` (`id`) ON DELETE CASCADE,
  CONSTRAINT `schedule_ibfk_2` FOREIGN KEY (`time_period_id`) REFERENCES `time_periods` (`id`) ON DELETE CASCADE,
  CONSTRAINT `schedule_ibfk_3` FOREIGN KEY (`subject_code`) REFERENCES `ednevnik_workspace`.`subjects` (`subject_code`),
  CONSTRAINT `schedule_ibfk_4` FOREIGN KEY (`classroom_code`) REFERENCES `classroom` (`code`) ON DELETE SET NULL
) ENGINE=InnoDB AUTO_INCREMENT=10 DEFAULT CHARSET=utf8mb4 COLLATE=utf8mb4_bin WITH SYSTEM VERSIONING;
/*!40101 SET character_set_client = @saved_cs_client */;

--
-- Dumping data for table `schedule`
--

LOCK TABLES `schedule` WRITE;
/*!40000 ALTER TABLE `schedule` DISABLE KEYS */;
set autocommit=0;
INSERT INTO `schedule` VALUES
(2,7,2,'BJZ','Monday',NULL,'regular','3a089690-d4fd-49c6-aa9a-5ba87dccde26'),
(3,8,3,'BJZ','Monday',NULL,'regular','9ce9595d-d5b7-43c2-ae82-c1ebf48acff4'),
(4,9,4,'BJZ','Monday',NULL,'regular','f59d9eb4-dd07-42b2-aab5-d9ad45ad4cf4'),
(5,10,5,'BJZ','Monday',NULL,'regular','08d86f32-025f-4cda-9eba-94bbdfdbe954'),
(6,11,6,'AUTO','Monday',NULL,'regular','5f3f2590-d2b6-4290-8aff-8cce3b106268'),
(7,12,7,'AUTO','Monday',NULL,'regular','9c980937-35ef-4aa0-90fa-142f20d7aebb'),
(8,13,8,'AUTO','Monday',NULL,'regular','aef3a62a-565d-484f-a1d2-f630c6a86b72'),
(9,14,9,'AUTO','Monday',NULL,'regular','1c8fd25d-0668-4777-b5ae-9588ace810d7');
/*!40000 ALTER TABLE `schedule` ENABLE KEYS */;
UNLOCK TABLES;
commit;

--
-- Table structure for table `sections`
--

DROP TABLE IF EXISTS `sections`;
/*!40101 SET @saved_cs_client     = @@character_set_client */;
/*!40101 SET character_set_client = utf8mb4 */;
CREATE TABLE `sections` (
  `id` int(11) NOT NULL AUTO_INCREMENT,
  `section_code` varchar(10) NOT NULL,
  `class_code` varchar(10) DEFAULT NULL,
  `year` varchar(30) NOT NULL,
  `tenant_id` int(11) DEFAULT NULL,
  `curriculum_code` varchar(30) DEFAULT NULL,
  `archived` tinyint(1) DEFAULT 0,
  PRIMARY KEY (`id`),
  UNIQUE KEY `unique_section_class_year` (`section_code`,`class_code`,`year`),
  KEY `class_code` (`class_code`),
  KEY `tenant_id` (`tenant_id`),
  KEY `curriculum_code` (`curriculum_code`),
  CONSTRAINT `sections_ibfk_1` FOREIGN KEY (`class_code`) REFERENCES `ednevnik_workspace`.`classes` (`class_code`),
  CONSTRAINT `sections_ibfk_2` FOREIGN KEY (`tenant_id`) REFERENCES `ednevnik_workspace`.`tenant` (`id`),
  CONSTRAINT `sections_ibfk_3` FOREIGN KEY (`curriculum_code`) REFERENCES `ednevnik_workspace`.`curriculum` (`curriculum_code`),
  CONSTRAINT `check_section_year` CHECK (`year` like '____/____' and octet_length(`year`) = 9 and substr(`year`,1,4) regexp '^[0-9]{4}$' and substr(`year`,6,4) regexp '^[0-9]{4}$' and cast(substr(`year`,6,4) as unsigned) = cast(substr(`year`,1,4) as unsigned) + 1)
) ENGINE=InnoDB AUTO_INCREMENT=15 DEFAULT CHARSET=utf8mb4 COLLATE=utf8mb4_bin;
/*!40101 SET character_set_client = @saved_cs_client */;

--
-- Dumping data for table `sections`
--

LOCK TABLES `sections` WRITE;
/*!40000 ALTER TABLE `sections` DISABLE KEYS */;
set autocommit=0;
INSERT INTO `sections` VALUES
(7,'A','I','2025/2026',2,'bos_secondary_RTIA_1_zdk',0),
(8,'B','I','2025/2026',2,'bos_secondary_RTIA_1_zdk',0),
(9,'A','II','2025/2026',2,'bos_secondary_RTIA_2_zdk',0),
(10,'B','II','2025/2026',2,'bos_secondary_RTIA_2_zdk',0),
(11,'A','III','2025/2026',2,'bos_secondary_RTIA_3_zdk',0),
(12,'B','III','2025/2026',2,'bos_secondary_RTIA_3_zdk',0),
(13,'A','IV','2025/2026',2,'bos_secondary_RTIA_4_zdk',0),
(14,'B','IV','2025/2026',2,'bos_secondary_RTIA_4_zdk',0);
/*!40000 ALTER TABLE `sections` ENABLE KEYS */;
UNLOCK TABLES;
commit;

--
-- Table structure for table `student_grades`
--

DROP TABLE IF EXISTS `student_grades`;
/*!40101 SET @saved_cs_client     = @@character_set_client */;
/*!40101 SET character_set_client = utf8mb4 */;
CREATE TABLE `student_grades` (
  `id` int(11) NOT NULL AUTO_INCREMENT,
  `type` enum('exam','oral','written_assignment','final') DEFAULT NULL,
  `pupil_id` int(11) DEFAULT NULL,
  `section_id` int(11) DEFAULT NULL,
  `subject_code` varchar(15) DEFAULT NULL,
  `grade` int(11) DEFAULT NULL CHECK (`grade` between 1 and 5),
  `grade_date` date DEFAULT curdate(),
  `teacher_id` int(11) DEFAULT NULL,
  `semester_code` varchar(10) DEFAULT NULL,
  `signature` varchar(128) DEFAULT NULL,
  PRIMARY KEY (`id`),
  KEY `subject_code` (`subject_code`),
  KEY `teacher_id` (`teacher_id`),
  KEY `semester_code` (`semester_code`),
  KEY `idx_grade_pupil_section_type_semester` (`pupil_id`,`section_id`,`type`,`semester_code`),
  KEY `idx_grade_section_subject_semester_date` (`section_id`,`subject_code`,`semester_code`,`grade_date`),
  KEY `idx_grade_section_type` (`section_id`,`type`),
  CONSTRAINT `student_grades_ibfk_1` FOREIGN KEY (`pupil_id`) REFERENCES `pupils` (`id`) ON DELETE CASCADE,
  CONSTRAINT `student_grades_ibfk_2` FOREIGN KEY (`section_id`) REFERENCES `sections` (`id`) ON DELETE CASCADE,
  CONSTRAINT `student_grades_ibfk_3` FOREIGN KEY (`subject_code`) REFERENCES `ednevnik_workspace`.`subjects` (`subject_code`),
  CONSTRAINT `student_grades_ibfk_4` FOREIGN KEY (`teacher_id`) REFERENCES `ednevnik_workspace`.`teachers` (`id`),
  CONSTRAINT `student_grades_ibfk_5` FOREIGN KEY (`semester_code`) REFERENCES `ednevnik_workspace`.`semester` (`semester_code`)
) ENGINE=InnoDB AUTO_INCREMENT=1921 DEFAULT CHARSET=utf8mb4 COLLATE=utf8mb4_bin WITH SYSTEM VERSIONING;
/*!40101 SET character_set_client = @saved_cs_client */;

--
-- Dumping data for table `student_grades`
--

LOCK TABLES `student_grades` WRITE;
/*!40000 ALTER TABLE `student_grades` DISABLE KEYS */;
set autocommit=0;
INSERT INTO `student_grades` VALUES
(1,'exam',2,7,'BJZ',3,'2025-09-06',NULL,'1POL','Script User'),
(2,'final',2,7,'BJZ',3,'2025-09-06',NULL,'1POL','Script User'),
(3,'exam',2,7,'BJZ',3,'2025-09-06',NULL,'2POL','Script User'),
(4,'final',2,7,'BJZ',3,'2025-09-06',NULL,'2POL','Script User'),
(5,'exam',2,7,'ENG',3,'2025-09-06',NULL,'1POL','Script User'),
(6,'final',2,7,'ENG',3,'2025-09-06',NULL,'1POL','Script User'),
(7,'exam',2,7,'ENG',3,'2025-09-06',NULL,'2POL','Script User'),
(8,'final',2,7,'ENG',3,'2025-09-06',NULL,'2POL','Script User'),
(9,'exam',2,7,'FIZ',3,'2025-09-06',NULL,'1POL','Script User'),
(10,'final',2,7,'FIZ',3,'2025-09-06',NULL,'1POL','Script User'),
(11,'exam',2,7,'FIZ',3,'2025-09-06',NULL,'2POL','Script User'),
(12,'final',2,7,'FIZ',3,'2025-09-06',NULL,'2POL','Script User'),
(13,'exam',2,7,'HEM',3,'2025-09-06',NULL,'1POL','Script User'),
(14,'final',2,7,'HEM',3,'2025-09-06',NULL,'1POL','Script User'),
(15,'exam',2,7,'HEM',3,'2025-09-06',NULL,'2POL','Script User'),
(16,'final',2,7,'HEM',3,'2025-09-06',NULL,'2POL','Script User'),
(17,'exam',2,7,'HIS',3,'2025-09-06',NULL,'1POL','Script User'),
(18,'final',2,7,'HIS',3,'2025-09-06',NULL,'1POL','Script User'),
(19,'exam',2,7,'HIS',3,'2025-09-06',NULL,'2POL','Script User'),
(20,'final',2,7,'HIS',3,'2025-09-06',NULL,'2POL','Script User'),
(21,'exam',2,7,'INF',3,'2025-09-06',NULL,'1POL','Script User'),
(22,'final',2,7,'INF',3,'2025-09-06',NULL,'1POL','Script User'),
(23,'exam',2,7,'INF',3,'2025-09-06',NULL,'2POL','Script User'),
(24,'final',2,7,'INF',3,'2025-09-06',NULL,'2POL','Script User'),
(25,'exam',2,7,'MM',3,'2025-09-06',NULL,'1POL','Script User'),
(26,'final',2,7,'MM',3,'2025-09-06',NULL,'1POL','Script User'),
(27,'exam',2,7,'MM',3,'2025-09-06',NULL,'2POL','Script User'),
(28,'final',2,7,'MM',3,'2025-09-06',NULL,'2POL','Script User'),
(29,'exam',2,7,'OSELEK',3,'2025-09-06',NULL,'1POL','Script User'),
(30,'final',2,7,'OSELEK',3,'2025-09-06',NULL,'1POL','Script User'),
(31,'exam',2,7,'OSELEK',3,'2025-09-06',NULL,'2POL','Script User'),
(32,'final',2,7,'OSELEK',3,'2025-09-06',NULL,'2POL','Script User'),
(33,'exam',2,7,'PRKS',3,'2025-09-06',NULL,'1POL','Script User'),
(34,'final',2,7,'PRKS',3,'2025-09-06',NULL,'1POL','Script User'),
(35,'exam',2,7,'PRKS',3,'2025-09-06',NULL,'2POL','Script User'),
(36,'final',2,7,'PRKS',3,'2025-09-06',NULL,'2POL','Script User'),
(37,'exam',2,7,'TEHCRT',3,'2025-09-06',NULL,'1POL','Script User'),
(38,'final',2,7,'TEHCRT',3,'2025-09-06',NULL,'1POL','Script User'),
(39,'exam',2,7,'TEHCRT',3,'2025-09-06',NULL,'2POL','Script User'),
(40,'final',2,7,'TEHCRT',3,'2025-09-06',NULL,'2POL','Script User'),
(41,'exam',2,7,'TIZO',3,'2025-09-06',NULL,'1POL','Script User'),
(42,'final',2,7,'TIZO',3,'2025-09-06',NULL,'1POL','Script User'),
(43,'exam',2,7,'TIZO',3,'2025-09-06',NULL,'2POL','Script User'),
(44,'final',2,7,'TIZO',3,'2025-09-06',NULL,'2POL','Script User'),
(45,'exam',2,7,'VJR',3,'2025-09-06',NULL,'1POL','Script User'),
(46,'final',2,7,'VJR',3,'2025-09-06',NULL,'1POL','Script User'),
(47,'exam',2,7,'VJR',3,'2025-09-06',NULL,'2POL','Script User'),
(48,'final',2,7,'VJR',3,'2025-09-06',NULL,'2POL','Script User'),
(49,'exam',3,7,'BJZ',4,'2025-09-06',NULL,'1POL','Script User'),
(50,'final',3,7,'BJZ',4,'2025-09-06',NULL,'1POL','Script User'),
(51,'exam',3,7,'BJZ',4,'2025-09-06',NULL,'2POL','Script User'),
(52,'final',3,7,'BJZ',4,'2025-09-06',NULL,'2POL','Script User'),
(53,'exam',3,7,'ENG',4,'2025-09-06',NULL,'1POL','Script User'),
(54,'final',3,7,'ENG',4,'2025-09-06',NULL,'1POL','Script User'),
(55,'exam',3,7,'ENG',4,'2025-09-06',NULL,'2POL','Script User'),
(56,'final',3,7,'ENG',4,'2025-09-06',NULL,'2POL','Script User'),
(57,'exam',3,7,'FIZ',4,'2025-09-06',NULL,'1POL','Script User'),
(58,'final',3,7,'FIZ',4,'2025-09-06',NULL,'1POL','Script User'),
(59,'exam',3,7,'FIZ',4,'2025-09-06',NULL,'2POL','Script User'),
(60,'final',3,7,'FIZ',4,'2025-09-06',NULL,'2POL','Script User'),
(61,'exam',3,7,'HEM',4,'2025-09-06',NULL,'1POL','Script User'),
(62,'final',3,7,'HEM',4,'2025-09-06',NULL,'1POL','Script User'),
(63,'exam',3,7,'HEM',4,'2025-09-06',NULL,'2POL','Script User'),
(64,'final',3,7,'HEM',4,'2025-09-06',NULL,'2POL','Script User'),
(65,'exam',3,7,'HIS',4,'2025-09-06',NULL,'1POL','Script User'),
(66,'final',3,7,'HIS',4,'2025-09-06',NULL,'1POL','Script User'),
(67,'exam',3,7,'HIS',4,'2025-09-06',NULL,'2POL','Script User'),
(68,'final',3,7,'HIS',4,'2025-09-06',NULL,'2POL','Script User'),
(69,'exam',3,7,'INF',4,'2025-09-06',NULL,'1POL','Script User'),
(70,'final',3,7,'INF',4,'2025-09-06',NULL,'1POL','Script User'),
(71,'exam',3,7,'INF',4,'2025-09-06',NULL,'2POL','Script User'),
(72,'final',3,7,'INF',4,'2025-09-06',NULL,'2POL','Script User'),
(73,'exam',3,7,'MM',4,'2025-09-06',NULL,'1POL','Script User'),
(74,'final',3,7,'MM',4,'2025-09-06',NULL,'1POL','Script User'),
(75,'exam',3,7,'MM',4,'2025-09-06',NULL,'2POL','Script User'),
(76,'final',3,7,'MM',4,'2025-09-06',NULL,'2POL','Script User'),
(77,'exam',3,7,'OSELEK',4,'2025-09-06',NULL,'1POL','Script User'),
(78,'final',3,7,'OSELEK',4,'2025-09-06',NULL,'1POL','Script User'),
(79,'exam',3,7,'OSELEK',4,'2025-09-06',NULL,'2POL','Script User'),
(80,'final',3,7,'OSELEK',4,'2025-09-06',NULL,'2POL','Script User'),
(81,'exam',3,7,'PRKS',4,'2025-09-06',NULL,'1POL','Script User'),
(82,'final',3,7,'PRKS',4,'2025-09-06',NULL,'1POL','Script User'),
(83,'exam',3,7,'PRKS',4,'2025-09-06',NULL,'2POL','Script User'),
(84,'final',3,7,'PRKS',4,'2025-09-06',NULL,'2POL','Script User'),
(85,'exam',3,7,'TEHCRT',4,'2025-09-06',NULL,'1POL','Script User'),
(86,'final',3,7,'TEHCRT',4,'2025-09-06',NULL,'1POL','Script User'),
(87,'exam',3,7,'TEHCRT',4,'2025-09-06',NULL,'2POL','Script User'),
(88,'final',3,7,'TEHCRT',4,'2025-09-06',NULL,'2POL','Script User'),
(89,'exam',3,7,'TIZO',4,'2025-09-06',NULL,'1POL','Script User'),
(90,'final',3,7,'TIZO',4,'2025-09-06',NULL,'1POL','Script User'),
(91,'exam',3,7,'TIZO',4,'2025-09-06',NULL,'2POL','Script User'),
(92,'final',3,7,'TIZO',4,'2025-09-06',NULL,'2POL','Script User'),
(93,'exam',3,7,'VJR',4,'2025-09-06',NULL,'1POL','Script User'),
(94,'final',3,7,'VJR',4,'2025-09-06',NULL,'1POL','Script User'),
(95,'exam',3,7,'VJR',4,'2025-09-06',NULL,'2POL','Script User'),
(96,'final',3,7,'VJR',4,'2025-09-06',NULL,'2POL','Script User'),
(97,'exam',4,7,'BJZ',5,'2025-09-06',NULL,'1POL','Script User'),
(98,'final',4,7,'BJZ',5,'2025-09-06',NULL,'1POL','Script User'),
(99,'exam',4,7,'BJZ',5,'2025-09-06',NULL,'2POL','Script User'),
(100,'final',4,7,'BJZ',5,'2025-09-06',NULL,'2POL','Script User'),
(101,'exam',4,7,'ENG',5,'2025-09-06',NULL,'1POL','Script User'),
(102,'final',4,7,'ENG',5,'2025-09-06',NULL,'1POL','Script User'),
(103,'exam',4,7,'ENG',5,'2025-09-06',NULL,'2POL','Script User'),
(104,'final',4,7,'ENG',5,'2025-09-06',NULL,'2POL','Script User'),
(105,'exam',4,7,'FIZ',5,'2025-09-06',NULL,'1POL','Script User'),
(106,'final',4,7,'FIZ',5,'2025-09-06',NULL,'1POL','Script User'),
(107,'exam',4,7,'FIZ',5,'2025-09-06',NULL,'2POL','Script User'),
(108,'final',4,7,'FIZ',5,'2025-09-06',NULL,'2POL','Script User'),
(109,'exam',4,7,'HEM',5,'2025-09-06',NULL,'1POL','Script User'),
(110,'final',4,7,'HEM',5,'2025-09-06',NULL,'1POL','Script User'),
(111,'exam',4,7,'HEM',5,'2025-09-06',NULL,'2POL','Script User'),
(112,'final',4,7,'HEM',5,'2025-09-06',NULL,'2POL','Script User'),
(113,'exam',4,7,'HIS',5,'2025-09-06',NULL,'1POL','Script User'),
(114,'final',4,7,'HIS',5,'2025-09-06',NULL,'1POL','Script User'),
(115,'exam',4,7,'HIS',5,'2025-09-06',NULL,'2POL','Script User'),
(116,'final',4,7,'HIS',5,'2025-09-06',NULL,'2POL','Script User'),
(117,'exam',4,7,'INF',5,'2025-09-06',NULL,'1POL','Script User'),
(118,'final',4,7,'INF',5,'2025-09-06',NULL,'1POL','Script User'),
(119,'exam',4,7,'INF',5,'2025-09-06',NULL,'2POL','Script User'),
(120,'final',4,7,'INF',5,'2025-09-06',NULL,'2POL','Script User'),
(121,'exam',4,7,'MM',5,'2025-09-06',NULL,'1POL','Script User'),
(122,'final',4,7,'MM',5,'2025-09-06',NULL,'1POL','Script User'),
(123,'exam',4,7,'MM',5,'2025-09-06',NULL,'2POL','Script User'),
(124,'final',4,7,'MM',5,'2025-09-06',NULL,'2POL','Script User'),
(125,'exam',4,7,'OSELEK',5,'2025-09-06',NULL,'1POL','Script User'),
(126,'final',4,7,'OSELEK',5,'2025-09-06',NULL,'1POL','Script User'),
(127,'exam',4,7,'OSELEK',5,'2025-09-06',NULL,'2POL','Script User'),
(128,'final',4,7,'OSELEK',5,'2025-09-06',NULL,'2POL','Script User'),
(129,'exam',4,7,'PRKS',5,'2025-09-06',NULL,'1POL','Script User'),
(130,'final',4,7,'PRKS',5,'2025-09-06',NULL,'1POL','Script User'),
(131,'exam',4,7,'PRKS',5,'2025-09-06',NULL,'2POL','Script User'),
(132,'final',4,7,'PRKS',5,'2025-09-06',NULL,'2POL','Script User'),
(133,'exam',4,7,'TEHCRT',5,'2025-09-06',NULL,'1POL','Script User'),
(134,'final',4,7,'TEHCRT',5,'2025-09-06',NULL,'1POL','Script User'),
(135,'exam',4,7,'TEHCRT',5,'2025-09-06',NULL,'2POL','Script User'),
(136,'final',4,7,'TEHCRT',5,'2025-09-06',NULL,'2POL','Script User'),
(137,'exam',4,7,'TIZO',5,'2025-09-06',NULL,'1POL','Script User'),
(138,'final',4,7,'TIZO',5,'2025-09-06',NULL,'1POL','Script User'),
(139,'exam',4,7,'TIZO',5,'2025-09-06',NULL,'2POL','Script User'),
(140,'final',4,7,'TIZO',5,'2025-09-06',NULL,'2POL','Script User'),
(141,'exam',4,7,'VJR',5,'2025-09-06',NULL,'1POL','Script User'),
(142,'final',4,7,'VJR',5,'2025-09-06',NULL,'1POL','Script User'),
(143,'exam',4,7,'VJR',5,'2025-09-06',NULL,'2POL','Script User'),
(144,'final',4,7,'VJR',5,'2025-09-06',NULL,'2POL','Script User'),
(145,'exam',5,7,'BJZ',2,'2025-09-06',NULL,'1POL','Script User'),
(146,'final',5,7,'BJZ',2,'2025-09-06',NULL,'1POL','Script User'),
(147,'exam',5,7,'BJZ',2,'2025-09-06',NULL,'2POL','Script User'),
(148,'final',5,7,'BJZ',2,'2025-09-06',NULL,'2POL','Script User'),
(149,'exam',5,7,'ENG',2,'2025-09-06',NULL,'1POL','Script User'),
(150,'final',5,7,'ENG',2,'2025-09-06',NULL,'1POL','Script User'),
(151,'exam',5,7,'ENG',2,'2025-09-06',NULL,'2POL','Script User'),
(152,'final',5,7,'ENG',2,'2025-09-06',NULL,'2POL','Script User'),
(153,'exam',5,7,'FIZ',2,'2025-09-06',NULL,'1POL','Script User'),
(154,'final',5,7,'FIZ',2,'2025-09-06',NULL,'1POL','Script User'),
(155,'exam',5,7,'FIZ',2,'2025-09-06',NULL,'2POL','Script User'),
(156,'final',5,7,'FIZ',2,'2025-09-06',NULL,'2POL','Script User'),
(157,'exam',5,7,'HEM',2,'2025-09-06',NULL,'1POL','Script User'),
(158,'final',5,7,'HEM',2,'2025-09-06',NULL,'1POL','Script User'),
(159,'exam',5,7,'HEM',2,'2025-09-06',NULL,'2POL','Script User'),
(160,'final',5,7,'HEM',2,'2025-09-06',NULL,'2POL','Script User'),
(161,'exam',5,7,'HIS',2,'2025-09-06',NULL,'1POL','Script User'),
(162,'final',5,7,'HIS',2,'2025-09-06',NULL,'1POL','Script User'),
(163,'exam',5,7,'HIS',2,'2025-09-06',NULL,'2POL','Script User'),
(164,'final',5,7,'HIS',2,'2025-09-06',NULL,'2POL','Script User'),
(165,'exam',5,7,'INF',2,'2025-09-06',NULL,'1POL','Script User'),
(166,'final',5,7,'INF',2,'2025-09-06',NULL,'1POL','Script User'),
(167,'exam',5,7,'INF',2,'2025-09-06',NULL,'2POL','Script User'),
(168,'final',5,7,'INF',2,'2025-09-06',NULL,'2POL','Script User'),
(169,'exam',5,7,'MM',2,'2025-09-06',NULL,'1POL','Script User'),
(170,'final',5,7,'MM',2,'2025-09-06',NULL,'1POL','Script User'),
(171,'exam',5,7,'MM',2,'2025-09-06',NULL,'2POL','Script User'),
(172,'final',5,7,'MM',2,'2025-09-06',NULL,'2POL','Script User'),
(173,'exam',5,7,'OSELEK',2,'2025-09-06',NULL,'1POL','Script User'),
(174,'final',5,7,'OSELEK',2,'2025-09-06',NULL,'1POL','Script User'),
(175,'exam',5,7,'OSELEK',2,'2025-09-06',NULL,'2POL','Script User'),
(176,'final',5,7,'OSELEK',2,'2025-09-06',NULL,'2POL','Script User'),
(177,'exam',5,7,'PRKS',2,'2025-09-06',NULL,'1POL','Script User'),
(178,'final',5,7,'PRKS',2,'2025-09-06',NULL,'1POL','Script User'),
(179,'exam',5,7,'PRKS',2,'2025-09-06',NULL,'2POL','Script User'),
(180,'final',5,7,'PRKS',2,'2025-09-06',NULL,'2POL','Script User'),
(181,'exam',5,7,'TEHCRT',2,'2025-09-06',NULL,'1POL','Script User'),
(182,'final',5,7,'TEHCRT',2,'2025-09-06',NULL,'1POL','Script User'),
(183,'exam',5,7,'TEHCRT',2,'2025-09-06',NULL,'2POL','Script User'),
(184,'final',5,7,'TEHCRT',2,'2025-09-06',NULL,'2POL','Script User'),
(185,'exam',5,7,'TIZO',2,'2025-09-06',NULL,'1POL','Script User'),
(186,'final',5,7,'TIZO',2,'2025-09-06',NULL,'1POL','Script User'),
(187,'exam',5,7,'TIZO',2,'2025-09-06',NULL,'2POL','Script User'),
(188,'final',5,7,'TIZO',2,'2025-09-06',NULL,'2POL','Script User'),
(189,'exam',5,7,'VJR',2,'2025-09-06',NULL,'1POL','Script User'),
(190,'final',5,7,'VJR',2,'2025-09-06',NULL,'1POL','Script User'),
(191,'exam',5,7,'VJR',2,'2025-09-06',NULL,'2POL','Script User'),
(192,'final',5,7,'VJR',2,'2025-09-06',NULL,'2POL','Script User'),
(193,'exam',6,7,'BJZ',3,'2025-09-06',NULL,'1POL','Script User'),
(194,'final',6,7,'BJZ',3,'2025-09-06',NULL,'1POL','Script User'),
(195,'exam',6,7,'BJZ',3,'2025-09-06',NULL,'2POL','Script User'),
(196,'final',6,7,'BJZ',3,'2025-09-06',NULL,'2POL','Script User'),
(197,'exam',6,7,'ENG',3,'2025-09-06',NULL,'1POL','Script User'),
(198,'final',6,7,'ENG',3,'2025-09-06',NULL,'1POL','Script User'),
(199,'exam',6,7,'ENG',3,'2025-09-06',NULL,'2POL','Script User'),
(200,'final',6,7,'ENG',3,'2025-09-06',NULL,'2POL','Script User'),
(201,'exam',6,7,'FIZ',3,'2025-09-06',NULL,'1POL','Script User'),
(202,'final',6,7,'FIZ',3,'2025-09-06',NULL,'1POL','Script User'),
(203,'exam',6,7,'FIZ',3,'2025-09-06',NULL,'2POL','Script User'),
(204,'final',6,7,'FIZ',3,'2025-09-06',NULL,'2POL','Script User'),
(205,'exam',6,7,'HEM',3,'2025-09-06',NULL,'1POL','Script User'),
(206,'final',6,7,'HEM',3,'2025-09-06',NULL,'1POL','Script User'),
(207,'exam',6,7,'HEM',3,'2025-09-06',NULL,'2POL','Script User'),
(208,'final',6,7,'HEM',3,'2025-09-06',NULL,'2POL','Script User'),
(209,'exam',6,7,'HIS',3,'2025-09-06',NULL,'1POL','Script User'),
(210,'final',6,7,'HIS',3,'2025-09-06',NULL,'1POL','Script User'),
(211,'exam',6,7,'HIS',3,'2025-09-06',NULL,'2POL','Script User'),
(212,'final',6,7,'HIS',3,'2025-09-06',NULL,'2POL','Script User'),
(213,'exam',6,7,'INF',3,'2025-09-06',NULL,'1POL','Script User'),
(214,'final',6,7,'INF',3,'2025-09-06',NULL,'1POL','Script User'),
(215,'exam',6,7,'INF',3,'2025-09-06',NULL,'2POL','Script User'),
(216,'final',6,7,'INF',3,'2025-09-06',NULL,'2POL','Script User'),
(217,'exam',6,7,'MM',3,'2025-09-06',NULL,'1POL','Script User'),
(218,'final',6,7,'MM',3,'2025-09-06',NULL,'1POL','Script User'),
(219,'exam',6,7,'MM',3,'2025-09-06',NULL,'2POL','Script User'),
(220,'final',6,7,'MM',3,'2025-09-06',NULL,'2POL','Script User'),
(221,'exam',6,7,'OSELEK',3,'2025-09-06',NULL,'1POL','Script User'),
(222,'final',6,7,'OSELEK',3,'2025-09-06',NULL,'1POL','Script User'),
(223,'exam',6,7,'OSELEK',3,'2025-09-06',NULL,'2POL','Script User'),
(224,'final',6,7,'OSELEK',3,'2025-09-06',NULL,'2POL','Script User'),
(225,'exam',6,7,'PRKS',3,'2025-09-06',NULL,'1POL','Script User'),
(226,'final',6,7,'PRKS',3,'2025-09-06',NULL,'1POL','Script User'),
(227,'exam',6,7,'PRKS',3,'2025-09-06',NULL,'2POL','Script User'),
(228,'final',6,7,'PRKS',3,'2025-09-06',NULL,'2POL','Script User'),
(229,'exam',6,7,'TEHCRT',3,'2025-09-06',NULL,'1POL','Script User'),
(230,'final',6,7,'TEHCRT',3,'2025-09-06',NULL,'1POL','Script User'),
(231,'exam',6,7,'TEHCRT',3,'2025-09-06',NULL,'2POL','Script User'),
(232,'final',6,7,'TEHCRT',3,'2025-09-06',NULL,'2POL','Script User'),
(233,'exam',6,7,'TIZO',3,'2025-09-06',NULL,'1POL','Script User'),
(234,'final',6,7,'TIZO',3,'2025-09-06',NULL,'1POL','Script User'),
(235,'exam',6,7,'TIZO',3,'2025-09-06',NULL,'2POL','Script User'),
(236,'final',6,7,'TIZO',3,'2025-09-06',NULL,'2POL','Script User'),
(237,'exam',6,7,'VJR',3,'2025-09-06',NULL,'1POL','Script User'),
(238,'final',6,7,'VJR',3,'2025-09-06',NULL,'1POL','Script User'),
(239,'exam',6,7,'VJR',3,'2025-09-06',NULL,'2POL','Script User'),
(240,'final',6,7,'VJR',3,'2025-09-06',NULL,'2POL','Script User'),
(241,'exam',7,8,'BJZ',3,'2025-09-06',NULL,'1POL','Script User'),
(242,'final',7,8,'BJZ',3,'2025-09-06',NULL,'1POL','Script User'),
(243,'exam',7,8,'BJZ',3,'2025-09-06',NULL,'2POL','Script User'),
(244,'final',7,8,'BJZ',3,'2025-09-06',NULL,'2POL','Script User'),
(245,'exam',7,8,'ENG',3,'2025-09-06',NULL,'1POL','Script User'),
(246,'final',7,8,'ENG',3,'2025-09-06',NULL,'1POL','Script User'),
(247,'exam',7,8,'ENG',3,'2025-09-06',NULL,'2POL','Script User'),
(248,'final',7,8,'ENG',3,'2025-09-06',NULL,'2POL','Script User'),
(249,'exam',7,8,'FIZ',3,'2025-09-06',NULL,'1POL','Script User'),
(250,'final',7,8,'FIZ',3,'2025-09-06',NULL,'1POL','Script User'),
(251,'exam',7,8,'FIZ',3,'2025-09-06',NULL,'2POL','Script User'),
(252,'final',7,8,'FIZ',3,'2025-09-06',NULL,'2POL','Script User'),
(253,'exam',7,8,'HEM',3,'2025-09-06',NULL,'1POL','Script User'),
(254,'final',7,8,'HEM',3,'2025-09-06',NULL,'1POL','Script User'),
(255,'exam',7,8,'HEM',3,'2025-09-06',NULL,'2POL','Script User'),
(256,'final',7,8,'HEM',3,'2025-09-06',NULL,'2POL','Script User'),
(257,'exam',7,8,'HIS',3,'2025-09-06',NULL,'1POL','Script User'),
(258,'final',7,8,'HIS',3,'2025-09-06',NULL,'1POL','Script User'),
(259,'exam',7,8,'HIS',3,'2025-09-06',NULL,'2POL','Script User'),
(260,'final',7,8,'HIS',3,'2025-09-06',NULL,'2POL','Script User'),
(261,'exam',7,8,'INF',3,'2025-09-06',NULL,'1POL','Script User'),
(262,'final',7,8,'INF',3,'2025-09-06',NULL,'1POL','Script User'),
(263,'exam',7,8,'INF',3,'2025-09-06',NULL,'2POL','Script User'),
(264,'final',7,8,'INF',3,'2025-09-06',NULL,'2POL','Script User'),
(265,'exam',7,8,'MM',3,'2025-09-06',NULL,'1POL','Script User'),
(266,'final',7,8,'MM',3,'2025-09-06',NULL,'1POL','Script User'),
(267,'exam',7,8,'MM',3,'2025-09-06',NULL,'2POL','Script User'),
(268,'final',7,8,'MM',3,'2025-09-06',NULL,'2POL','Script User'),
(269,'exam',7,8,'OSELEK',3,'2025-09-06',NULL,'1POL','Script User'),
(270,'final',7,8,'OSELEK',3,'2025-09-06',NULL,'1POL','Script User'),
(271,'exam',7,8,'OSELEK',3,'2025-09-06',NULL,'2POL','Script User'),
(272,'final',7,8,'OSELEK',3,'2025-09-06',NULL,'2POL','Script User'),
(273,'exam',7,8,'PRKS',3,'2025-09-06',NULL,'1POL','Script User'),
(274,'final',7,8,'PRKS',3,'2025-09-06',NULL,'1POL','Script User'),
(275,'exam',7,8,'PRKS',3,'2025-09-06',NULL,'2POL','Script User'),
(276,'final',7,8,'PRKS',3,'2025-09-06',NULL,'2POL','Script User'),
(277,'exam',7,8,'TEHCRT',3,'2025-09-06',NULL,'1POL','Script User'),
(278,'final',7,8,'TEHCRT',3,'2025-09-06',NULL,'1POL','Script User'),
(279,'exam',7,8,'TEHCRT',3,'2025-09-06',NULL,'2POL','Script User'),
(280,'final',7,8,'TEHCRT',3,'2025-09-06',NULL,'2POL','Script User'),
(281,'exam',7,8,'TIZO',3,'2025-09-06',NULL,'1POL','Script User'),
(282,'final',7,8,'TIZO',3,'2025-09-06',NULL,'1POL','Script User'),
(283,'exam',7,8,'TIZO',3,'2025-09-06',NULL,'2POL','Script User'),
(284,'final',7,8,'TIZO',3,'2025-09-06',NULL,'2POL','Script User'),
(285,'exam',7,8,'VJR',3,'2025-09-06',NULL,'1POL','Script User'),
(286,'final',7,8,'VJR',3,'2025-09-06',NULL,'1POL','Script User'),
(287,'exam',7,8,'VJR',3,'2025-09-06',NULL,'2POL','Script User'),
(288,'final',7,8,'VJR',3,'2025-09-06',NULL,'2POL','Script User'),
(289,'exam',8,8,'BJZ',4,'2025-09-06',NULL,'1POL','Script User'),
(290,'final',8,8,'BJZ',4,'2025-09-06',NULL,'1POL','Script User'),
(291,'exam',8,8,'BJZ',4,'2025-09-06',NULL,'2POL','Script User'),
(292,'final',8,8,'BJZ',4,'2025-09-06',NULL,'2POL','Script User'),
(293,'exam',8,8,'ENG',4,'2025-09-06',NULL,'1POL','Script User'),
(294,'final',8,8,'ENG',4,'2025-09-06',NULL,'1POL','Script User'),
(295,'exam',8,8,'ENG',4,'2025-09-06',NULL,'2POL','Script User'),
(296,'final',8,8,'ENG',4,'2025-09-06',NULL,'2POL','Script User'),
(297,'exam',8,8,'FIZ',4,'2025-09-06',NULL,'1POL','Script User'),
(298,'final',8,8,'FIZ',4,'2025-09-06',NULL,'1POL','Script User'),
(299,'exam',8,8,'FIZ',4,'2025-09-06',NULL,'2POL','Script User'),
(300,'final',8,8,'FIZ',4,'2025-09-06',NULL,'2POL','Script User'),
(301,'exam',8,8,'HEM',4,'2025-09-06',NULL,'1POL','Script User'),
(302,'final',8,8,'HEM',4,'2025-09-06',NULL,'1POL','Script User'),
(303,'exam',8,8,'HEM',4,'2025-09-06',NULL,'2POL','Script User'),
(304,'final',8,8,'HEM',4,'2025-09-06',NULL,'2POL','Script User'),
(305,'exam',8,8,'HIS',4,'2025-09-06',NULL,'1POL','Script User'),
(306,'final',8,8,'HIS',4,'2025-09-06',NULL,'1POL','Script User'),
(307,'exam',8,8,'HIS',4,'2025-09-06',NULL,'2POL','Script User'),
(308,'final',8,8,'HIS',4,'2025-09-06',NULL,'2POL','Script User'),
(309,'exam',8,8,'INF',4,'2025-09-06',NULL,'1POL','Script User'),
(310,'final',8,8,'INF',4,'2025-09-06',NULL,'1POL','Script User'),
(311,'exam',8,8,'INF',4,'2025-09-06',NULL,'2POL','Script User'),
(312,'final',8,8,'INF',4,'2025-09-06',NULL,'2POL','Script User'),
(313,'exam',8,8,'MM',4,'2025-09-06',NULL,'1POL','Script User'),
(314,'final',8,8,'MM',4,'2025-09-06',NULL,'1POL','Script User'),
(315,'exam',8,8,'MM',4,'2025-09-06',NULL,'2POL','Script User'),
(316,'final',8,8,'MM',4,'2025-09-06',NULL,'2POL','Script User'),
(317,'exam',8,8,'OSELEK',4,'2025-09-06',NULL,'1POL','Script User'),
(318,'final',8,8,'OSELEK',4,'2025-09-06',NULL,'1POL','Script User'),
(319,'exam',8,8,'OSELEK',4,'2025-09-06',NULL,'2POL','Script User'),
(320,'final',8,8,'OSELEK',4,'2025-09-06',NULL,'2POL','Script User'),
(321,'exam',8,8,'PRKS',4,'2025-09-06',NULL,'1POL','Script User'),
(322,'final',8,8,'PRKS',4,'2025-09-06',NULL,'1POL','Script User'),
(323,'exam',8,8,'PRKS',4,'2025-09-06',NULL,'2POL','Script User'),
(324,'final',8,8,'PRKS',4,'2025-09-06',NULL,'2POL','Script User'),
(325,'exam',8,8,'TEHCRT',4,'2025-09-06',NULL,'1POL','Script User'),
(326,'final',8,8,'TEHCRT',4,'2025-09-06',NULL,'1POL','Script User'),
(327,'exam',8,8,'TEHCRT',4,'2025-09-06',NULL,'2POL','Script User'),
(328,'final',8,8,'TEHCRT',4,'2025-09-06',NULL,'2POL','Script User'),
(329,'exam',8,8,'TIZO',4,'2025-09-06',NULL,'1POL','Script User'),
(330,'final',8,8,'TIZO',4,'2025-09-06',NULL,'1POL','Script User'),
(331,'exam',8,8,'TIZO',4,'2025-09-06',NULL,'2POL','Script User'),
(332,'final',8,8,'TIZO',4,'2025-09-06',NULL,'2POL','Script User'),
(333,'exam',8,8,'VJR',4,'2025-09-06',NULL,'1POL','Script User'),
(334,'final',8,8,'VJR',4,'2025-09-06',NULL,'1POL','Script User'),
(335,'exam',8,8,'VJR',4,'2025-09-06',NULL,'2POL','Script User'),
(336,'final',8,8,'VJR',4,'2025-09-06',NULL,'2POL','Script User'),
(337,'exam',9,8,'BJZ',5,'2025-09-06',NULL,'1POL','Script User'),
(338,'final',9,8,'BJZ',5,'2025-09-06',NULL,'1POL','Script User'),
(339,'exam',9,8,'BJZ',5,'2025-09-06',NULL,'2POL','Script User'),
(340,'final',9,8,'BJZ',5,'2025-09-06',NULL,'2POL','Script User'),
(341,'exam',9,8,'ENG',5,'2025-09-06',NULL,'1POL','Script User'),
(342,'final',9,8,'ENG',5,'2025-09-06',NULL,'1POL','Script User'),
(343,'exam',9,8,'ENG',5,'2025-09-06',NULL,'2POL','Script User'),
(344,'final',9,8,'ENG',5,'2025-09-06',NULL,'2POL','Script User'),
(345,'exam',9,8,'FIZ',5,'2025-09-06',NULL,'1POL','Script User'),
(346,'final',9,8,'FIZ',5,'2025-09-06',NULL,'1POL','Script User'),
(347,'exam',9,8,'FIZ',5,'2025-09-06',NULL,'2POL','Script User'),
(348,'final',9,8,'FIZ',5,'2025-09-06',NULL,'2POL','Script User'),
(349,'exam',9,8,'HEM',5,'2025-09-06',NULL,'1POL','Script User'),
(350,'final',9,8,'HEM',5,'2025-09-06',NULL,'1POL','Script User'),
(351,'exam',9,8,'HEM',5,'2025-09-06',NULL,'2POL','Script User'),
(352,'final',9,8,'HEM',5,'2025-09-06',NULL,'2POL','Script User'),
(353,'exam',9,8,'HIS',5,'2025-09-06',NULL,'1POL','Script User'),
(354,'final',9,8,'HIS',5,'2025-09-06',NULL,'1POL','Script User'),
(355,'exam',9,8,'HIS',5,'2025-09-06',NULL,'2POL','Script User'),
(356,'final',9,8,'HIS',5,'2025-09-06',NULL,'2POL','Script User'),
(357,'exam',9,8,'INF',5,'2025-09-06',NULL,'1POL','Script User'),
(358,'final',9,8,'INF',5,'2025-09-06',NULL,'1POL','Script User'),
(359,'exam',9,8,'INF',5,'2025-09-06',NULL,'2POL','Script User'),
(360,'final',9,8,'INF',5,'2025-09-06',NULL,'2POL','Script User'),
(361,'exam',9,8,'MM',5,'2025-09-06',NULL,'1POL','Script User'),
(362,'final',9,8,'MM',5,'2025-09-06',NULL,'1POL','Script User'),
(363,'exam',9,8,'MM',5,'2025-09-06',NULL,'2POL','Script User'),
(364,'final',9,8,'MM',5,'2025-09-06',NULL,'2POL','Script User'),
(365,'exam',9,8,'OSELEK',5,'2025-09-06',NULL,'1POL','Script User'),
(366,'final',9,8,'OSELEK',5,'2025-09-06',NULL,'1POL','Script User'),
(367,'exam',9,8,'OSELEK',5,'2025-09-06',NULL,'2POL','Script User'),
(368,'final',9,8,'OSELEK',5,'2025-09-06',NULL,'2POL','Script User'),
(369,'exam',9,8,'PRKS',5,'2025-09-06',NULL,'1POL','Script User'),
(370,'final',9,8,'PRKS',5,'2025-09-06',NULL,'1POL','Script User'),
(371,'exam',9,8,'PRKS',5,'2025-09-06',NULL,'2POL','Script User'),
(372,'final',9,8,'PRKS',5,'2025-09-06',NULL,'2POL','Script User'),
(373,'exam',9,8,'TEHCRT',5,'2025-09-06',NULL,'1POL','Script User'),
(374,'final',9,8,'TEHCRT',5,'2025-09-06',NULL,'1POL','Script User'),
(375,'exam',9,8,'TEHCRT',5,'2025-09-06',NULL,'2POL','Script User'),
(376,'final',9,8,'TEHCRT',5,'2025-09-06',NULL,'2POL','Script User'),
(377,'exam',9,8,'TIZO',5,'2025-09-06',NULL,'1POL','Script User'),
(378,'final',9,8,'TIZO',5,'2025-09-06',NULL,'1POL','Script User'),
(379,'exam',9,8,'TIZO',5,'2025-09-06',NULL,'2POL','Script User'),
(380,'final',9,8,'TIZO',5,'2025-09-06',NULL,'2POL','Script User'),
(381,'exam',9,8,'VJR',5,'2025-09-06',NULL,'1POL','Script User'),
(382,'final',9,8,'VJR',5,'2025-09-06',NULL,'1POL','Script User'),
(383,'exam',9,8,'VJR',5,'2025-09-06',NULL,'2POL','Script User'),
(384,'final',9,8,'VJR',5,'2025-09-06',NULL,'2POL','Script User'),
(385,'exam',10,8,'BJZ',2,'2025-09-06',NULL,'1POL','Script User'),
(386,'final',10,8,'BJZ',2,'2025-09-06',NULL,'1POL','Script User'),
(387,'exam',10,8,'BJZ',2,'2025-09-06',NULL,'2POL','Script User'),
(388,'final',10,8,'BJZ',2,'2025-09-06',NULL,'2POL','Script User'),
(389,'exam',10,8,'ENG',2,'2025-09-06',NULL,'1POL','Script User'),
(390,'final',10,8,'ENG',2,'2025-09-06',NULL,'1POL','Script User'),
(391,'exam',10,8,'ENG',2,'2025-09-06',NULL,'2POL','Script User'),
(392,'final',10,8,'ENG',2,'2025-09-06',NULL,'2POL','Script User'),
(393,'exam',10,8,'FIZ',2,'2025-09-06',NULL,'1POL','Script User'),
(394,'final',10,8,'FIZ',2,'2025-09-06',NULL,'1POL','Script User'),
(395,'exam',10,8,'FIZ',2,'2025-09-06',NULL,'2POL','Script User'),
(396,'final',10,8,'FIZ',2,'2025-09-06',NULL,'2POL','Script User'),
(397,'exam',10,8,'HEM',2,'2025-09-06',NULL,'1POL','Script User'),
(398,'final',10,8,'HEM',2,'2025-09-06',NULL,'1POL','Script User'),
(399,'exam',10,8,'HEM',2,'2025-09-06',NULL,'2POL','Script User'),
(400,'final',10,8,'HEM',2,'2025-09-06',NULL,'2POL','Script User'),
(401,'exam',10,8,'HIS',2,'2025-09-06',NULL,'1POL','Script User'),
(402,'final',10,8,'HIS',2,'2025-09-06',NULL,'1POL','Script User'),
(403,'exam',10,8,'HIS',2,'2025-09-06',NULL,'2POL','Script User'),
(404,'final',10,8,'HIS',2,'2025-09-06',NULL,'2POL','Script User'),
(405,'exam',10,8,'INF',2,'2025-09-06',NULL,'1POL','Script User'),
(406,'final',10,8,'INF',2,'2025-09-06',NULL,'1POL','Script User'),
(407,'exam',10,8,'INF',2,'2025-09-06',NULL,'2POL','Script User'),
(408,'final',10,8,'INF',2,'2025-09-06',NULL,'2POL','Script User'),
(409,'exam',10,8,'MM',2,'2025-09-06',NULL,'1POL','Script User'),
(410,'final',10,8,'MM',2,'2025-09-06',NULL,'1POL','Script User'),
(411,'exam',10,8,'MM',2,'2025-09-06',NULL,'2POL','Script User'),
(412,'final',10,8,'MM',2,'2025-09-06',NULL,'2POL','Script User'),
(413,'exam',10,8,'OSELEK',2,'2025-09-06',NULL,'1POL','Script User'),
(414,'final',10,8,'OSELEK',2,'2025-09-06',NULL,'1POL','Script User'),
(415,'exam',10,8,'OSELEK',2,'2025-09-06',NULL,'2POL','Script User'),
(416,'final',10,8,'OSELEK',2,'2025-09-06',NULL,'2POL','Script User'),
(417,'exam',10,8,'PRKS',2,'2025-09-06',NULL,'1POL','Script User'),
(418,'final',10,8,'PRKS',2,'2025-09-06',NULL,'1POL','Script User'),
(419,'exam',10,8,'PRKS',2,'2025-09-06',NULL,'2POL','Script User'),
(420,'final',10,8,'PRKS',2,'2025-09-06',NULL,'2POL','Script User'),
(421,'exam',10,8,'TEHCRT',2,'2025-09-06',NULL,'1POL','Script User'),
(422,'final',10,8,'TEHCRT',2,'2025-09-06',NULL,'1POL','Script User'),
(423,'exam',10,8,'TEHCRT',2,'2025-09-06',NULL,'2POL','Script User'),
(424,'final',10,8,'TEHCRT',2,'2025-09-06',NULL,'2POL','Script User'),
(425,'exam',10,8,'TIZO',2,'2025-09-06',NULL,'1POL','Script User'),
(426,'final',10,8,'TIZO',2,'2025-09-06',NULL,'1POL','Script User'),
(427,'exam',10,8,'TIZO',2,'2025-09-06',NULL,'2POL','Script User'),
(428,'final',10,8,'TIZO',2,'2025-09-06',NULL,'2POL','Script User'),
(429,'exam',10,8,'VJR',2,'2025-09-06',NULL,'1POL','Script User'),
(430,'final',10,8,'VJR',2,'2025-09-06',NULL,'1POL','Script User'),
(431,'exam',10,8,'VJR',2,'2025-09-06',NULL,'2POL','Script User'),
(432,'final',10,8,'VJR',2,'2025-09-06',NULL,'2POL','Script User'),
(433,'exam',11,8,'BJZ',3,'2025-09-06',NULL,'1POL','Script User'),
(434,'final',11,8,'BJZ',3,'2025-09-06',NULL,'1POL','Script User'),
(435,'exam',11,8,'BJZ',3,'2025-09-06',NULL,'2POL','Script User'),
(436,'final',11,8,'BJZ',3,'2025-09-06',NULL,'2POL','Script User'),
(437,'exam',11,8,'ENG',3,'2025-09-06',NULL,'1POL','Script User'),
(438,'final',11,8,'ENG',3,'2025-09-06',NULL,'1POL','Script User'),
(439,'exam',11,8,'ENG',3,'2025-09-06',NULL,'2POL','Script User'),
(440,'final',11,8,'ENG',3,'2025-09-06',NULL,'2POL','Script User'),
(441,'exam',11,8,'FIZ',3,'2025-09-06',NULL,'1POL','Script User'),
(442,'final',11,8,'FIZ',3,'2025-09-06',NULL,'1POL','Script User'),
(443,'exam',11,8,'FIZ',3,'2025-09-06',NULL,'2POL','Script User'),
(444,'final',11,8,'FIZ',3,'2025-09-06',NULL,'2POL','Script User'),
(445,'exam',11,8,'HEM',3,'2025-09-06',NULL,'1POL','Script User'),
(446,'final',11,8,'HEM',3,'2025-09-06',NULL,'1POL','Script User'),
(447,'exam',11,8,'HEM',3,'2025-09-06',NULL,'2POL','Script User'),
(448,'final',11,8,'HEM',3,'2025-09-06',NULL,'2POL','Script User'),
(449,'exam',11,8,'HIS',3,'2025-09-06',NULL,'1POL','Script User'),
(450,'final',11,8,'HIS',3,'2025-09-06',NULL,'1POL','Script User'),
(451,'exam',11,8,'HIS',3,'2025-09-06',NULL,'2POL','Script User'),
(452,'final',11,8,'HIS',3,'2025-09-06',NULL,'2POL','Script User'),
(453,'exam',11,8,'INF',3,'2025-09-06',NULL,'1POL','Script User'),
(454,'final',11,8,'INF',3,'2025-09-06',NULL,'1POL','Script User'),
(455,'exam',11,8,'INF',3,'2025-09-06',NULL,'2POL','Script User'),
(456,'final',11,8,'INF',3,'2025-09-06',NULL,'2POL','Script User'),
(457,'exam',11,8,'MM',3,'2025-09-06',NULL,'1POL','Script User'),
(458,'final',11,8,'MM',3,'2025-09-06',NULL,'1POL','Script User'),
(459,'exam',11,8,'MM',3,'2025-09-06',NULL,'2POL','Script User'),
(460,'final',11,8,'MM',3,'2025-09-06',NULL,'2POL','Script User'),
(461,'exam',11,8,'OSELEK',3,'2025-09-06',NULL,'1POL','Script User'),
(462,'final',11,8,'OSELEK',3,'2025-09-06',NULL,'1POL','Script User'),
(463,'exam',11,8,'OSELEK',3,'2025-09-06',NULL,'2POL','Script User'),
(464,'final',11,8,'OSELEK',3,'2025-09-06',NULL,'2POL','Script User'),
(465,'exam',11,8,'PRKS',3,'2025-09-06',NULL,'1POL','Script User'),
(466,'final',11,8,'PRKS',3,'2025-09-06',NULL,'1POL','Script User'),
(467,'exam',11,8,'PRKS',3,'2025-09-06',NULL,'2POL','Script User'),
(468,'final',11,8,'PRKS',3,'2025-09-06',NULL,'2POL','Script User'),
(469,'exam',11,8,'TEHCRT',3,'2025-09-06',NULL,'1POL','Script User'),
(470,'final',11,8,'TEHCRT',3,'2025-09-06',NULL,'1POL','Script User'),
(471,'exam',11,8,'TEHCRT',3,'2025-09-06',NULL,'2POL','Script User'),
(472,'final',11,8,'TEHCRT',3,'2025-09-06',NULL,'2POL','Script User'),
(473,'exam',11,8,'TIZO',3,'2025-09-06',NULL,'1POL','Script User'),
(474,'final',11,8,'TIZO',3,'2025-09-06',NULL,'1POL','Script User'),
(475,'exam',11,8,'TIZO',3,'2025-09-06',NULL,'2POL','Script User'),
(476,'final',11,8,'TIZO',3,'2025-09-06',NULL,'2POL','Script User'),
(477,'exam',11,8,'VJR',3,'2025-09-06',NULL,'1POL','Script User'),
(478,'final',11,8,'VJR',3,'2025-09-06',NULL,'1POL','Script User'),
(479,'exam',11,8,'VJR',3,'2025-09-06',NULL,'2POL','Script User'),
(480,'final',11,8,'VJR',3,'2025-09-06',NULL,'2POL','Script User'),
(481,'exam',12,9,'BJZ',3,'2025-09-06',NULL,'1POL','Script User'),
(482,'final',12,9,'BJZ',3,'2025-09-06',NULL,'1POL','Script User'),
(483,'exam',12,9,'BJZ',3,'2025-09-06',NULL,'2POL','Script User'),
(484,'final',12,9,'BJZ',3,'2025-09-06',NULL,'2POL','Script User'),
(485,'exam',12,9,'ELEKTRON',3,'2025-09-06',NULL,'1POL','Script User'),
(486,'final',12,9,'ELEKTRON',3,'2025-09-06',NULL,'1POL','Script User'),
(487,'exam',12,9,'ELEKTRON',3,'2025-09-06',NULL,'2POL','Script User'),
(488,'final',12,9,'ELEKTRON',3,'2025-09-06',NULL,'2POL','Script User'),
(489,'exam',12,9,'ENG',3,'2025-09-06',NULL,'1POL','Script User'),
(490,'final',12,9,'ENG',3,'2025-09-06',NULL,'1POL','Script User'),
(491,'exam',12,9,'ENG',3,'2025-09-06',NULL,'2POL','Script User'),
(492,'final',12,9,'ENG',3,'2025-09-06',NULL,'2POL','Script User'),
(493,'exam',12,9,'FIZ',3,'2025-09-06',NULL,'1POL','Script User'),
(494,'final',12,9,'FIZ',3,'2025-09-06',NULL,'1POL','Script User'),
(495,'exam',12,9,'FIZ',3,'2025-09-06',NULL,'2POL','Script User'),
(496,'final',12,9,'FIZ',3,'2025-09-06',NULL,'2POL','Script User'),
(497,'exam',12,9,'HIS',3,'2025-09-06',NULL,'1POL','Script User'),
(498,'final',12,9,'HIS',3,'2025-09-06',NULL,'1POL','Script User'),
(499,'exam',12,9,'HIS',3,'2025-09-06',NULL,'2POL','Script User'),
(500,'final',12,9,'HIS',3,'2025-09-06',NULL,'2POL','Script User'),
(501,'exam',12,9,'INF',3,'2025-09-06',NULL,'1POL','Script User'),
(502,'final',12,9,'INF',3,'2025-09-06',NULL,'1POL','Script User'),
(503,'exam',12,9,'INF',3,'2025-09-06',NULL,'2POL','Script User'),
(504,'final',12,9,'INF',3,'2025-09-06',NULL,'2POL','Script User'),
(505,'exam',12,9,'MM',3,'2025-09-06',NULL,'1POL','Script User'),
(506,'final',12,9,'MM',3,'2025-09-06',NULL,'1POL','Script User'),
(507,'exam',12,9,'MM',3,'2025-09-06',NULL,'2POL','Script User'),
(508,'final',12,9,'MM',3,'2025-09-06',NULL,'2POL','Script User'),
(509,'exam',12,9,'PRKS',3,'2025-09-06',NULL,'1POL','Script User'),
(510,'final',12,9,'PRKS',3,'2025-09-06',NULL,'1POL','Script User'),
(511,'exam',12,9,'PRKS',3,'2025-09-06',NULL,'2POL','Script User'),
(512,'final',12,9,'PRKS',3,'2025-09-06',NULL,'2POL','Script User'),
(513,'exam',12,9,'TIZO',3,'2025-09-06',NULL,'1POL','Script User'),
(514,'final',12,9,'TIZO',3,'2025-09-06',NULL,'1POL','Script User'),
(515,'exam',12,9,'TIZO',3,'2025-09-06',NULL,'2POL','Script User'),
(516,'final',12,9,'TIZO',3,'2025-09-06',NULL,'2POL','Script User'),
(517,'exam',12,9,'VJR',3,'2025-09-06',NULL,'1POL','Script User'),
(518,'final',12,9,'VJR',3,'2025-09-06',NULL,'1POL','Script User'),
(519,'exam',12,9,'VJR',3,'2025-09-06',NULL,'2POL','Script User'),
(520,'final',12,9,'VJR',3,'2025-09-06',NULL,'2POL','Script User'),
(521,'exam',13,9,'BJZ',4,'2025-09-06',NULL,'1POL','Script User'),
(522,'final',13,9,'BJZ',4,'2025-09-06',NULL,'1POL','Script User'),
(523,'exam',13,9,'BJZ',4,'2025-09-06',NULL,'2POL','Script User'),
(524,'final',13,9,'BJZ',4,'2025-09-06',NULL,'2POL','Script User'),
(525,'exam',13,9,'ELEKTRON',4,'2025-09-06',NULL,'1POL','Script User'),
(526,'final',13,9,'ELEKTRON',4,'2025-09-06',NULL,'1POL','Script User'),
(527,'exam',13,9,'ELEKTRON',4,'2025-09-06',NULL,'2POL','Script User'),
(528,'final',13,9,'ELEKTRON',4,'2025-09-06',NULL,'2POL','Script User'),
(529,'exam',13,9,'ENG',4,'2025-09-06',NULL,'1POL','Script User'),
(530,'final',13,9,'ENG',4,'2025-09-06',NULL,'1POL','Script User'),
(531,'exam',13,9,'ENG',4,'2025-09-06',NULL,'2POL','Script User'),
(532,'final',13,9,'ENG',4,'2025-09-06',NULL,'2POL','Script User'),
(533,'exam',13,9,'FIZ',4,'2025-09-06',NULL,'1POL','Script User'),
(534,'final',13,9,'FIZ',4,'2025-09-06',NULL,'1POL','Script User'),
(535,'exam',13,9,'FIZ',4,'2025-09-06',NULL,'2POL','Script User'),
(536,'final',13,9,'FIZ',4,'2025-09-06',NULL,'2POL','Script User'),
(537,'exam',13,9,'HIS',4,'2025-09-06',NULL,'1POL','Script User'),
(538,'final',13,9,'HIS',4,'2025-09-06',NULL,'1POL','Script User'),
(539,'exam',13,9,'HIS',4,'2025-09-06',NULL,'2POL','Script User'),
(540,'final',13,9,'HIS',4,'2025-09-06',NULL,'2POL','Script User'),
(541,'exam',13,9,'INF',4,'2025-09-06',NULL,'1POL','Script User'),
(542,'final',13,9,'INF',4,'2025-09-06',NULL,'1POL','Script User'),
(543,'exam',13,9,'INF',4,'2025-09-06',NULL,'2POL','Script User'),
(544,'final',13,9,'INF',4,'2025-09-06',NULL,'2POL','Script User'),
(545,'exam',13,9,'MM',4,'2025-09-06',NULL,'1POL','Script User'),
(546,'final',13,9,'MM',4,'2025-09-06',NULL,'1POL','Script User'),
(547,'exam',13,9,'MM',4,'2025-09-06',NULL,'2POL','Script User'),
(548,'final',13,9,'MM',4,'2025-09-06',NULL,'2POL','Script User'),
(549,'exam',13,9,'PRKS',4,'2025-09-06',NULL,'1POL','Script User'),
(550,'final',13,9,'PRKS',4,'2025-09-06',NULL,'1POL','Script User'),
(551,'exam',13,9,'PRKS',4,'2025-09-06',NULL,'2POL','Script User'),
(552,'final',13,9,'PRKS',4,'2025-09-06',NULL,'2POL','Script User'),
(553,'exam',13,9,'TIZO',4,'2025-09-06',NULL,'1POL','Script User'),
(554,'final',13,9,'TIZO',4,'2025-09-06',NULL,'1POL','Script User'),
(555,'exam',13,9,'TIZO',4,'2025-09-06',NULL,'2POL','Script User'),
(556,'final',13,9,'TIZO',4,'2025-09-06',NULL,'2POL','Script User'),
(557,'exam',13,9,'VJR',4,'2025-09-06',NULL,'1POL','Script User'),
(558,'final',13,9,'VJR',4,'2025-09-06',NULL,'1POL','Script User'),
(559,'exam',13,9,'VJR',4,'2025-09-06',NULL,'2POL','Script User'),
(560,'final',13,9,'VJR',4,'2025-09-06',NULL,'2POL','Script User'),
(561,'exam',14,9,'BJZ',5,'2025-09-06',NULL,'1POL','Script User'),
(562,'final',14,9,'BJZ',5,'2025-09-06',NULL,'1POL','Script User'),
(563,'exam',14,9,'BJZ',5,'2025-09-06',NULL,'2POL','Script User'),
(564,'final',14,9,'BJZ',5,'2025-09-06',NULL,'2POL','Script User'),
(565,'exam',14,9,'ELEKTRON',5,'2025-09-06',NULL,'1POL','Script User'),
(566,'final',14,9,'ELEKTRON',5,'2025-09-06',NULL,'1POL','Script User'),
(567,'exam',14,9,'ELEKTRON',5,'2025-09-06',NULL,'2POL','Script User'),
(568,'final',14,9,'ELEKTRON',5,'2025-09-06',NULL,'2POL','Script User'),
(569,'exam',14,9,'ENG',5,'2025-09-06',NULL,'1POL','Script User'),
(570,'final',14,9,'ENG',5,'2025-09-06',NULL,'1POL','Script User'),
(571,'exam',14,9,'ENG',5,'2025-09-06',NULL,'2POL','Script User'),
(572,'final',14,9,'ENG',5,'2025-09-06',NULL,'2POL','Script User'),
(573,'exam',14,9,'FIZ',5,'2025-09-06',NULL,'1POL','Script User'),
(574,'final',14,9,'FIZ',5,'2025-09-06',NULL,'1POL','Script User'),
(575,'exam',14,9,'FIZ',5,'2025-09-06',NULL,'2POL','Script User'),
(576,'final',14,9,'FIZ',5,'2025-09-06',NULL,'2POL','Script User'),
(577,'exam',14,9,'HIS',5,'2025-09-06',NULL,'1POL','Script User'),
(578,'final',14,9,'HIS',5,'2025-09-06',NULL,'1POL','Script User'),
(579,'exam',14,9,'HIS',5,'2025-09-06',NULL,'2POL','Script User'),
(580,'final',14,9,'HIS',5,'2025-09-06',NULL,'2POL','Script User'),
(581,'exam',14,9,'INF',5,'2025-09-06',NULL,'1POL','Script User'),
(582,'final',14,9,'INF',5,'2025-09-06',NULL,'1POL','Script User'),
(583,'exam',14,9,'INF',5,'2025-09-06',NULL,'2POL','Script User'),
(584,'final',14,9,'INF',5,'2025-09-06',NULL,'2POL','Script User'),
(585,'exam',14,9,'MM',5,'2025-09-06',NULL,'1POL','Script User'),
(586,'final',14,9,'MM',5,'2025-09-06',NULL,'1POL','Script User'),
(587,'exam',14,9,'MM',5,'2025-09-06',NULL,'2POL','Script User'),
(588,'final',14,9,'MM',5,'2025-09-06',NULL,'2POL','Script User'),
(589,'exam',14,9,'PRKS',5,'2025-09-06',NULL,'1POL','Script User'),
(590,'final',14,9,'PRKS',5,'2025-09-06',NULL,'1POL','Script User'),
(591,'exam',14,9,'PRKS',5,'2025-09-06',NULL,'2POL','Script User'),
(592,'final',14,9,'PRKS',5,'2025-09-06',NULL,'2POL','Script User'),
(593,'exam',14,9,'TIZO',5,'2025-09-06',NULL,'1POL','Script User'),
(594,'final',14,9,'TIZO',5,'2025-09-06',NULL,'1POL','Script User'),
(595,'exam',14,9,'TIZO',5,'2025-09-06',NULL,'2POL','Script User'),
(596,'final',14,9,'TIZO',5,'2025-09-06',NULL,'2POL','Script User'),
(597,'exam',14,9,'VJR',5,'2025-09-06',NULL,'1POL','Script User'),
(598,'final',14,9,'VJR',5,'2025-09-06',NULL,'1POL','Script User'),
(599,'exam',14,9,'VJR',5,'2025-09-06',NULL,'2POL','Script User'),
(600,'final',14,9,'VJR',5,'2025-09-06',NULL,'2POL','Script User'),
(601,'exam',15,9,'BJZ',2,'2025-09-06',NULL,'1POL','Script User'),
(602,'final',15,9,'BJZ',2,'2025-09-06',NULL,'1POL','Script User'),
(603,'exam',15,9,'BJZ',2,'2025-09-06',NULL,'2POL','Script User'),
(604,'final',15,9,'BJZ',2,'2025-09-06',NULL,'2POL','Script User'),
(605,'exam',15,9,'ELEKTRON',2,'2025-09-06',NULL,'1POL','Script User'),
(606,'final',15,9,'ELEKTRON',2,'2025-09-06',NULL,'1POL','Script User'),
(607,'exam',15,9,'ELEKTRON',2,'2025-09-06',NULL,'2POL','Script User'),
(608,'final',15,9,'ELEKTRON',2,'2025-09-06',NULL,'2POL','Script User'),
(609,'exam',15,9,'ENG',2,'2025-09-06',NULL,'1POL','Script User'),
(610,'final',15,9,'ENG',2,'2025-09-06',NULL,'1POL','Script User'),
(611,'exam',15,9,'ENG',2,'2025-09-06',NULL,'2POL','Script User'),
(612,'final',15,9,'ENG',2,'2025-09-06',NULL,'2POL','Script User'),
(613,'exam',15,9,'FIZ',2,'2025-09-06',NULL,'1POL','Script User'),
(614,'final',15,9,'FIZ',2,'2025-09-06',NULL,'1POL','Script User'),
(615,'exam',15,9,'FIZ',2,'2025-09-06',NULL,'2POL','Script User'),
(616,'final',15,9,'FIZ',2,'2025-09-06',NULL,'2POL','Script User'),
(617,'exam',15,9,'HIS',2,'2025-09-06',NULL,'1POL','Script User'),
(618,'final',15,9,'HIS',2,'2025-09-06',NULL,'1POL','Script User'),
(619,'exam',15,9,'HIS',2,'2025-09-06',NULL,'2POL','Script User'),
(620,'final',15,9,'HIS',2,'2025-09-06',NULL,'2POL','Script User'),
(621,'exam',15,9,'INF',2,'2025-09-06',NULL,'1POL','Script User'),
(622,'final',15,9,'INF',2,'2025-09-06',NULL,'1POL','Script User'),
(623,'exam',15,9,'INF',2,'2025-09-06',NULL,'2POL','Script User'),
(624,'final',15,9,'INF',2,'2025-09-06',NULL,'2POL','Script User'),
(625,'exam',15,9,'MM',2,'2025-09-06',NULL,'1POL','Script User'),
(626,'final',15,9,'MM',2,'2025-09-06',NULL,'1POL','Script User'),
(627,'exam',15,9,'MM',2,'2025-09-06',NULL,'2POL','Script User'),
(628,'final',15,9,'MM',2,'2025-09-06',NULL,'2POL','Script User'),
(629,'exam',15,9,'PRKS',2,'2025-09-06',NULL,'1POL','Script User'),
(630,'final',15,9,'PRKS',2,'2025-09-06',NULL,'1POL','Script User'),
(631,'exam',15,9,'PRKS',2,'2025-09-06',NULL,'2POL','Script User'),
(632,'final',15,9,'PRKS',2,'2025-09-06',NULL,'2POL','Script User'),
(633,'exam',15,9,'TIZO',2,'2025-09-06',NULL,'1POL','Script User'),
(634,'final',15,9,'TIZO',2,'2025-09-06',NULL,'1POL','Script User'),
(635,'exam',15,9,'TIZO',2,'2025-09-06',NULL,'2POL','Script User'),
(636,'final',15,9,'TIZO',2,'2025-09-06',NULL,'2POL','Script User'),
(637,'exam',15,9,'VJR',2,'2025-09-06',NULL,'1POL','Script User'),
(638,'final',15,9,'VJR',2,'2025-09-06',NULL,'1POL','Script User'),
(639,'exam',15,9,'VJR',2,'2025-09-06',NULL,'2POL','Script User'),
(640,'final',15,9,'VJR',2,'2025-09-06',NULL,'2POL','Script User'),
(641,'exam',16,9,'BJZ',3,'2025-09-06',NULL,'1POL','Script User'),
(642,'final',16,9,'BJZ',3,'2025-09-06',NULL,'1POL','Script User'),
(643,'exam',16,9,'BJZ',3,'2025-09-06',NULL,'2POL','Script User'),
(644,'final',16,9,'BJZ',3,'2025-09-06',NULL,'2POL','Script User'),
(645,'exam',16,9,'ELEKTRON',3,'2025-09-06',NULL,'1POL','Script User'),
(646,'final',16,9,'ELEKTRON',3,'2025-09-06',NULL,'1POL','Script User'),
(647,'exam',16,9,'ELEKTRON',3,'2025-09-06',NULL,'2POL','Script User'),
(648,'final',16,9,'ELEKTRON',3,'2025-09-06',NULL,'2POL','Script User'),
(649,'exam',16,9,'ENG',3,'2025-09-06',NULL,'1POL','Script User'),
(650,'final',16,9,'ENG',3,'2025-09-06',NULL,'1POL','Script User'),
(651,'exam',16,9,'ENG',3,'2025-09-06',NULL,'2POL','Script User'),
(652,'final',16,9,'ENG',3,'2025-09-06',NULL,'2POL','Script User'),
(653,'exam',16,9,'FIZ',3,'2025-09-06',NULL,'1POL','Script User'),
(654,'final',16,9,'FIZ',3,'2025-09-06',NULL,'1POL','Script User'),
(655,'exam',16,9,'FIZ',3,'2025-09-06',NULL,'2POL','Script User'),
(656,'final',16,9,'FIZ',3,'2025-09-06',NULL,'2POL','Script User'),
(657,'exam',16,9,'HIS',3,'2025-09-06',NULL,'1POL','Script User'),
(658,'final',16,9,'HIS',3,'2025-09-06',NULL,'1POL','Script User'),
(659,'exam',16,9,'HIS',3,'2025-09-06',NULL,'2POL','Script User'),
(660,'final',16,9,'HIS',3,'2025-09-06',NULL,'2POL','Script User'),
(661,'exam',16,9,'INF',3,'2025-09-06',NULL,'1POL','Script User'),
(662,'final',16,9,'INF',3,'2025-09-06',NULL,'1POL','Script User'),
(663,'exam',16,9,'INF',3,'2025-09-06',NULL,'2POL','Script User'),
(664,'final',16,9,'INF',3,'2025-09-06',NULL,'2POL','Script User'),
(665,'exam',16,9,'MM',3,'2025-09-06',NULL,'1POL','Script User'),
(666,'final',16,9,'MM',3,'2025-09-06',NULL,'1POL','Script User'),
(667,'exam',16,9,'MM',3,'2025-09-06',NULL,'2POL','Script User'),
(668,'final',16,9,'MM',3,'2025-09-06',NULL,'2POL','Script User'),
(669,'exam',16,9,'PRKS',3,'2025-09-06',NULL,'1POL','Script User'),
(670,'final',16,9,'PRKS',3,'2025-09-06',NULL,'1POL','Script User'),
(671,'exam',16,9,'PRKS',3,'2025-09-06',NULL,'2POL','Script User'),
(672,'final',16,9,'PRKS',3,'2025-09-06',NULL,'2POL','Script User'),
(673,'exam',16,9,'TIZO',3,'2025-09-06',NULL,'1POL','Script User'),
(674,'final',16,9,'TIZO',3,'2025-09-06',NULL,'1POL','Script User'),
(675,'exam',16,9,'TIZO',3,'2025-09-06',NULL,'2POL','Script User'),
(676,'final',16,9,'TIZO',3,'2025-09-06',NULL,'2POL','Script User'),
(677,'exam',16,9,'VJR',3,'2025-09-06',NULL,'1POL','Script User'),
(678,'final',16,9,'VJR',3,'2025-09-06',NULL,'1POL','Script User'),
(679,'exam',16,9,'VJR',3,'2025-09-06',NULL,'2POL','Script User'),
(680,'final',16,9,'VJR',3,'2025-09-06',NULL,'2POL','Script User'),
(681,'exam',17,10,'BJZ',3,'2025-09-06',NULL,'1POL','Script User'),
(682,'final',17,10,'BJZ',3,'2025-09-06',NULL,'1POL','Script User'),
(683,'exam',17,10,'BJZ',3,'2025-09-06',NULL,'2POL','Script User'),
(684,'final',17,10,'BJZ',3,'2025-09-06',NULL,'2POL','Script User'),
(685,'exam',17,10,'ELEKTRON',3,'2025-09-06',NULL,'1POL','Script User'),
(686,'final',17,10,'ELEKTRON',3,'2025-09-06',NULL,'1POL','Script User'),
(687,'exam',17,10,'ELEKTRON',3,'2025-09-06',NULL,'2POL','Script User'),
(688,'final',17,10,'ELEKTRON',3,'2025-09-06',NULL,'2POL','Script User'),
(689,'exam',17,10,'ENG',3,'2025-09-06',NULL,'1POL','Script User'),
(690,'final',17,10,'ENG',3,'2025-09-06',NULL,'1POL','Script User'),
(691,'exam',17,10,'ENG',3,'2025-09-06',NULL,'2POL','Script User'),
(692,'final',17,10,'ENG',3,'2025-09-06',NULL,'2POL','Script User'),
(693,'exam',17,10,'FIZ',3,'2025-09-06',NULL,'1POL','Script User'),
(694,'final',17,10,'FIZ',3,'2025-09-06',NULL,'1POL','Script User'),
(695,'exam',17,10,'FIZ',3,'2025-09-06',NULL,'2POL','Script User'),
(696,'final',17,10,'FIZ',3,'2025-09-06',NULL,'2POL','Script User'),
(697,'exam',17,10,'HIS',3,'2025-09-06',NULL,'1POL','Script User'),
(698,'final',17,10,'HIS',3,'2025-09-06',NULL,'1POL','Script User'),
(699,'exam',17,10,'HIS',3,'2025-09-06',NULL,'2POL','Script User'),
(700,'final',17,10,'HIS',3,'2025-09-06',NULL,'2POL','Script User'),
(701,'exam',17,10,'INF',3,'2025-09-06',NULL,'1POL','Script User'),
(702,'final',17,10,'INF',3,'2025-09-06',NULL,'1POL','Script User'),
(703,'exam',17,10,'INF',3,'2025-09-06',NULL,'2POL','Script User'),
(704,'final',17,10,'INF',3,'2025-09-06',NULL,'2POL','Script User'),
(705,'exam',17,10,'MM',3,'2025-09-06',NULL,'1POL','Script User'),
(706,'final',17,10,'MM',3,'2025-09-06',NULL,'1POL','Script User'),
(707,'exam',17,10,'MM',3,'2025-09-06',NULL,'2POL','Script User'),
(708,'final',17,10,'MM',3,'2025-09-06',NULL,'2POL','Script User'),
(709,'exam',17,10,'PRKS',3,'2025-09-06',NULL,'1POL','Script User'),
(710,'final',17,10,'PRKS',3,'2025-09-06',NULL,'1POL','Script User'),
(711,'exam',17,10,'PRKS',3,'2025-09-06',NULL,'2POL','Script User'),
(712,'final',17,10,'PRKS',3,'2025-09-06',NULL,'2POL','Script User'),
(713,'exam',17,10,'TIZO',3,'2025-09-06',NULL,'1POL','Script User'),
(714,'final',17,10,'TIZO',3,'2025-09-06',NULL,'1POL','Script User'),
(715,'exam',17,10,'TIZO',3,'2025-09-06',NULL,'2POL','Script User'),
(716,'final',17,10,'TIZO',3,'2025-09-06',NULL,'2POL','Script User'),
(717,'exam',17,10,'VJR',3,'2025-09-06',NULL,'1POL','Script User'),
(718,'final',17,10,'VJR',3,'2025-09-06',NULL,'1POL','Script User'),
(719,'exam',17,10,'VJR',3,'2025-09-06',NULL,'2POL','Script User'),
(720,'final',17,10,'VJR',3,'2025-09-06',NULL,'2POL','Script User'),
(721,'exam',18,10,'BJZ',4,'2025-09-06',NULL,'1POL','Script User'),
(722,'final',18,10,'BJZ',4,'2025-09-06',NULL,'1POL','Script User'),
(723,'exam',18,10,'BJZ',4,'2025-09-06',NULL,'2POL','Script User'),
(724,'final',18,10,'BJZ',4,'2025-09-06',NULL,'2POL','Script User'),
(725,'exam',18,10,'ELEKTRON',4,'2025-09-06',NULL,'1POL','Script User'),
(726,'final',18,10,'ELEKTRON',4,'2025-09-06',NULL,'1POL','Script User'),
(727,'exam',18,10,'ELEKTRON',4,'2025-09-06',NULL,'2POL','Script User'),
(728,'final',18,10,'ELEKTRON',4,'2025-09-06',NULL,'2POL','Script User'),
(729,'exam',18,10,'ENG',4,'2025-09-06',NULL,'1POL','Script User'),
(730,'final',18,10,'ENG',4,'2025-09-06',NULL,'1POL','Script User'),
(731,'exam',18,10,'ENG',4,'2025-09-06',NULL,'2POL','Script User'),
(732,'final',18,10,'ENG',4,'2025-09-06',NULL,'2POL','Script User'),
(733,'exam',18,10,'FIZ',4,'2025-09-06',NULL,'1POL','Script User'),
(734,'final',18,10,'FIZ',4,'2025-09-06',NULL,'1POL','Script User'),
(735,'exam',18,10,'FIZ',4,'2025-09-06',NULL,'2POL','Script User'),
(736,'final',18,10,'FIZ',4,'2025-09-06',NULL,'2POL','Script User'),
(737,'exam',18,10,'HIS',4,'2025-09-06',NULL,'1POL','Script User'),
(738,'final',18,10,'HIS',4,'2025-09-06',NULL,'1POL','Script User'),
(739,'exam',18,10,'HIS',4,'2025-09-06',NULL,'2POL','Script User'),
(740,'final',18,10,'HIS',4,'2025-09-06',NULL,'2POL','Script User'),
(741,'exam',18,10,'INF',4,'2025-09-06',NULL,'1POL','Script User'),
(742,'final',18,10,'INF',4,'2025-09-06',NULL,'1POL','Script User'),
(743,'exam',18,10,'INF',4,'2025-09-06',NULL,'2POL','Script User'),
(744,'final',18,10,'INF',4,'2025-09-06',NULL,'2POL','Script User'),
(745,'exam',18,10,'MM',4,'2025-09-06',NULL,'1POL','Script User'),
(746,'final',18,10,'MM',4,'2025-09-06',NULL,'1POL','Script User'),
(747,'exam',18,10,'MM',4,'2025-09-06',NULL,'2POL','Script User'),
(748,'final',18,10,'MM',4,'2025-09-06',NULL,'2POL','Script User'),
(749,'exam',18,10,'PRKS',4,'2025-09-06',NULL,'1POL','Script User'),
(750,'final',18,10,'PRKS',4,'2025-09-06',NULL,'1POL','Script User'),
(751,'exam',18,10,'PRKS',4,'2025-09-06',NULL,'2POL','Script User'),
(752,'final',18,10,'PRKS',4,'2025-09-06',NULL,'2POL','Script User'),
(753,'exam',18,10,'TIZO',4,'2025-09-06',NULL,'1POL','Script User'),
(754,'final',18,10,'TIZO',4,'2025-09-06',NULL,'1POL','Script User'),
(755,'exam',18,10,'TIZO',4,'2025-09-06',NULL,'2POL','Script User'),
(756,'final',18,10,'TIZO',4,'2025-09-06',NULL,'2POL','Script User'),
(757,'exam',18,10,'VJR',4,'2025-09-06',NULL,'1POL','Script User'),
(758,'final',18,10,'VJR',4,'2025-09-06',NULL,'1POL','Script User'),
(759,'exam',18,10,'VJR',4,'2025-09-06',NULL,'2POL','Script User'),
(760,'final',18,10,'VJR',4,'2025-09-06',NULL,'2POL','Script User'),
(761,'exam',19,10,'BJZ',5,'2025-09-06',NULL,'1POL','Script User'),
(762,'final',19,10,'BJZ',5,'2025-09-06',NULL,'1POL','Script User'),
(763,'exam',19,10,'BJZ',5,'2025-09-06',NULL,'2POL','Script User'),
(764,'final',19,10,'BJZ',5,'2025-09-06',NULL,'2POL','Script User'),
(765,'exam',19,10,'ELEKTRON',5,'2025-09-06',NULL,'1POL','Script User'),
(766,'final',19,10,'ELEKTRON',5,'2025-09-06',NULL,'1POL','Script User'),
(767,'exam',19,10,'ELEKTRON',5,'2025-09-06',NULL,'2POL','Script User'),
(768,'final',19,10,'ELEKTRON',5,'2025-09-06',NULL,'2POL','Script User'),
(769,'exam',19,10,'ENG',5,'2025-09-06',NULL,'1POL','Script User'),
(770,'final',19,10,'ENG',5,'2025-09-06',NULL,'1POL','Script User'),
(771,'exam',19,10,'ENG',5,'2025-09-06',NULL,'2POL','Script User'),
(772,'final',19,10,'ENG',5,'2025-09-06',NULL,'2POL','Script User'),
(773,'exam',19,10,'FIZ',5,'2025-09-06',NULL,'1POL','Script User'),
(774,'final',19,10,'FIZ',5,'2025-09-06',NULL,'1POL','Script User'),
(775,'exam',19,10,'FIZ',5,'2025-09-06',NULL,'2POL','Script User'),
(776,'final',19,10,'FIZ',5,'2025-09-06',NULL,'2POL','Script User'),
(777,'exam',19,10,'HIS',5,'2025-09-06',NULL,'1POL','Script User'),
(778,'final',19,10,'HIS',5,'2025-09-06',NULL,'1POL','Script User'),
(779,'exam',19,10,'HIS',5,'2025-09-06',NULL,'2POL','Script User'),
(780,'final',19,10,'HIS',5,'2025-09-06',NULL,'2POL','Script User'),
(781,'exam',19,10,'INF',5,'2025-09-06',NULL,'1POL','Script User'),
(782,'final',19,10,'INF',5,'2025-09-06',NULL,'1POL','Script User'),
(783,'exam',19,10,'INF',5,'2025-09-06',NULL,'2POL','Script User'),
(784,'final',19,10,'INF',5,'2025-09-06',NULL,'2POL','Script User'),
(785,'exam',19,10,'MM',5,'2025-09-06',NULL,'1POL','Script User'),
(786,'final',19,10,'MM',5,'2025-09-06',NULL,'1POL','Script User'),
(787,'exam',19,10,'MM',5,'2025-09-06',NULL,'2POL','Script User'),
(788,'final',19,10,'MM',5,'2025-09-06',NULL,'2POL','Script User'),
(789,'exam',19,10,'PRKS',5,'2025-09-06',NULL,'1POL','Script User'),
(790,'final',19,10,'PRKS',5,'2025-09-06',NULL,'1POL','Script User'),
(791,'exam',19,10,'PRKS',5,'2025-09-06',NULL,'2POL','Script User'),
(792,'final',19,10,'PRKS',5,'2025-09-06',NULL,'2POL','Script User'),
(793,'exam',19,10,'TIZO',5,'2025-09-06',NULL,'1POL','Script User'),
(794,'final',19,10,'TIZO',5,'2025-09-06',NULL,'1POL','Script User'),
(795,'exam',19,10,'TIZO',5,'2025-09-06',NULL,'2POL','Script User'),
(796,'final',19,10,'TIZO',5,'2025-09-06',NULL,'2POL','Script User'),
(797,'exam',19,10,'VJR',5,'2025-09-06',NULL,'1POL','Script User'),
(798,'final',19,10,'VJR',5,'2025-09-06',NULL,'1POL','Script User'),
(799,'exam',19,10,'VJR',5,'2025-09-06',NULL,'2POL','Script User'),
(800,'final',19,10,'VJR',5,'2025-09-06',NULL,'2POL','Script User'),
(801,'exam',20,10,'BJZ',2,'2025-09-06',NULL,'1POL','Script User'),
(802,'final',20,10,'BJZ',2,'2025-09-06',NULL,'1POL','Script User'),
(803,'exam',20,10,'BJZ',2,'2025-09-06',NULL,'2POL','Script User'),
(804,'final',20,10,'BJZ',2,'2025-09-06',NULL,'2POL','Script User'),
(805,'exam',20,10,'ELEKTRON',2,'2025-09-06',NULL,'1POL','Script User'),
(806,'final',20,10,'ELEKTRON',2,'2025-09-06',NULL,'1POL','Script User'),
(807,'exam',20,10,'ELEKTRON',2,'2025-09-06',NULL,'2POL','Script User'),
(808,'final',20,10,'ELEKTRON',2,'2025-09-06',NULL,'2POL','Script User'),
(809,'exam',20,10,'ENG',2,'2025-09-06',NULL,'1POL','Script User'),
(810,'final',20,10,'ENG',2,'2025-09-06',NULL,'1POL','Script User'),
(811,'exam',20,10,'ENG',2,'2025-09-06',NULL,'2POL','Script User'),
(812,'final',20,10,'ENG',2,'2025-09-06',NULL,'2POL','Script User'),
(813,'exam',20,10,'FIZ',2,'2025-09-06',NULL,'1POL','Script User'),
(814,'final',20,10,'FIZ',2,'2025-09-06',NULL,'1POL','Script User'),
(815,'exam',20,10,'FIZ',2,'2025-09-06',NULL,'2POL','Script User'),
(816,'final',20,10,'FIZ',2,'2025-09-06',NULL,'2POL','Script User'),
(817,'exam',20,10,'HIS',2,'2025-09-06',NULL,'1POL','Script User'),
(818,'final',20,10,'HIS',2,'2025-09-06',NULL,'1POL','Script User'),
(819,'exam',20,10,'HIS',2,'2025-09-06',NULL,'2POL','Script User'),
(820,'final',20,10,'HIS',2,'2025-09-06',NULL,'2POL','Script User'),
(821,'exam',20,10,'INF',2,'2025-09-06',NULL,'1POL','Script User'),
(822,'final',20,10,'INF',2,'2025-09-06',NULL,'1POL','Script User'),
(823,'exam',20,10,'INF',2,'2025-09-06',NULL,'2POL','Script User'),
(824,'final',20,10,'INF',2,'2025-09-06',NULL,'2POL','Script User'),
(825,'exam',20,10,'MM',2,'2025-09-06',NULL,'1POL','Script User'),
(826,'final',20,10,'MM',2,'2025-09-06',NULL,'1POL','Script User'),
(827,'exam',20,10,'MM',2,'2025-09-06',NULL,'2POL','Script User'),
(828,'final',20,10,'MM',2,'2025-09-06',NULL,'2POL','Script User'),
(829,'exam',20,10,'PRKS',2,'2025-09-06',NULL,'1POL','Script User'),
(830,'final',20,10,'PRKS',2,'2025-09-06',NULL,'1POL','Script User'),
(831,'exam',20,10,'PRKS',2,'2025-09-06',NULL,'2POL','Script User'),
(832,'final',20,10,'PRKS',2,'2025-09-06',NULL,'2POL','Script User'),
(833,'exam',20,10,'TIZO',2,'2025-09-06',NULL,'1POL','Script User'),
(834,'final',20,10,'TIZO',2,'2025-09-06',NULL,'1POL','Script User'),
(835,'exam',20,10,'TIZO',2,'2025-09-06',NULL,'2POL','Script User'),
(836,'final',20,10,'TIZO',2,'2025-09-06',NULL,'2POL','Script User'),
(837,'exam',20,10,'VJR',2,'2025-09-06',NULL,'1POL','Script User'),
(838,'final',20,10,'VJR',2,'2025-09-06',NULL,'1POL','Script User'),
(839,'exam',20,10,'VJR',2,'2025-09-06',NULL,'2POL','Script User'),
(840,'final',20,10,'VJR',2,'2025-09-06',NULL,'2POL','Script User'),
(841,'exam',21,10,'BJZ',3,'2025-09-06',NULL,'1POL','Script User'),
(842,'final',21,10,'BJZ',3,'2025-09-06',NULL,'1POL','Script User'),
(843,'exam',21,10,'BJZ',3,'2025-09-06',NULL,'2POL','Script User'),
(844,'final',21,10,'BJZ',3,'2025-09-06',NULL,'2POL','Script User'),
(845,'exam',21,10,'ELEKTRON',3,'2025-09-06',NULL,'1POL','Script User'),
(846,'final',21,10,'ELEKTRON',3,'2025-09-06',NULL,'1POL','Script User'),
(847,'exam',21,10,'ELEKTRON',3,'2025-09-06',NULL,'2POL','Script User'),
(848,'final',21,10,'ELEKTRON',3,'2025-09-06',NULL,'2POL','Script User'),
(849,'exam',21,10,'ENG',3,'2025-09-06',NULL,'1POL','Script User'),
(850,'final',21,10,'ENG',3,'2025-09-06',NULL,'1POL','Script User'),
(851,'exam',21,10,'ENG',3,'2025-09-06',NULL,'2POL','Script User'),
(852,'final',21,10,'ENG',3,'2025-09-06',NULL,'2POL','Script User'),
(853,'exam',21,10,'FIZ',3,'2025-09-06',NULL,'1POL','Script User'),
(854,'final',21,10,'FIZ',3,'2025-09-06',NULL,'1POL','Script User'),
(855,'exam',21,10,'FIZ',3,'2025-09-06',NULL,'2POL','Script User'),
(856,'final',21,10,'FIZ',3,'2025-09-06',NULL,'2POL','Script User'),
(857,'exam',21,10,'HIS',3,'2025-09-06',NULL,'1POL','Script User'),
(858,'final',21,10,'HIS',3,'2025-09-06',NULL,'1POL','Script User'),
(859,'exam',21,10,'HIS',3,'2025-09-06',NULL,'2POL','Script User'),
(860,'final',21,10,'HIS',3,'2025-09-06',NULL,'2POL','Script User'),
(861,'exam',21,10,'INF',3,'2025-09-06',NULL,'1POL','Script User'),
(862,'final',21,10,'INF',3,'2025-09-06',NULL,'1POL','Script User'),
(863,'exam',21,10,'INF',3,'2025-09-06',NULL,'2POL','Script User'),
(864,'final',21,10,'INF',3,'2025-09-06',NULL,'2POL','Script User'),
(865,'exam',21,10,'MM',3,'2025-09-06',NULL,'1POL','Script User'),
(866,'final',21,10,'MM',3,'2025-09-06',NULL,'1POL','Script User'),
(867,'exam',21,10,'MM',3,'2025-09-06',NULL,'2POL','Script User'),
(868,'final',21,10,'MM',3,'2025-09-06',NULL,'2POL','Script User'),
(869,'exam',21,10,'PRKS',3,'2025-09-06',NULL,'1POL','Script User'),
(870,'final',21,10,'PRKS',3,'2025-09-06',NULL,'1POL','Script User'),
(871,'exam',21,10,'PRKS',3,'2025-09-06',NULL,'2POL','Script User'),
(872,'final',21,10,'PRKS',3,'2025-09-06',NULL,'2POL','Script User'),
(873,'exam',21,10,'TIZO',3,'2025-09-06',NULL,'1POL','Script User'),
(874,'final',21,10,'TIZO',3,'2025-09-06',NULL,'1POL','Script User'),
(875,'exam',21,10,'TIZO',3,'2025-09-06',NULL,'2POL','Script User'),
(876,'final',21,10,'TIZO',3,'2025-09-06',NULL,'2POL','Script User'),
(877,'exam',21,10,'VJR',3,'2025-09-06',NULL,'1POL','Script User'),
(878,'final',21,10,'VJR',3,'2025-09-06',NULL,'1POL','Script User'),
(879,'exam',21,10,'VJR',3,'2025-09-06',NULL,'2POL','Script User'),
(880,'final',21,10,'VJR',3,'2025-09-06',NULL,'2POL','Script User'),
(881,'exam',22,11,'AUTO',3,'2025-09-06',NULL,'1POL','Script User'),
(882,'final',22,11,'AUTO',3,'2025-09-06',NULL,'1POL','Script User'),
(883,'exam',22,11,'AUTO',3,'2025-09-06',NULL,'2POL','Script User'),
(884,'final',22,11,'AUTO',3,'2025-09-06',NULL,'2POL','Script User'),
(885,'exam',22,11,'BJZ',3,'2025-09-06',NULL,'1POL','Script User'),
(886,'final',22,11,'BJZ',3,'2025-09-06',NULL,'1POL','Script User'),
(887,'exam',22,11,'BJZ',3,'2025-09-06',NULL,'2POL','Script User'),
(888,'final',22,11,'BJZ',3,'2025-09-06',NULL,'2POL','Script User'),
(889,'exam',22,11,'DEMOK',3,'2025-09-06',NULL,'1POL','Script User'),
(890,'final',22,11,'DEMOK',3,'2025-09-06',NULL,'1POL','Script User'),
(891,'exam',22,11,'DEMOK',3,'2025-09-06',NULL,'2POL','Script User'),
(892,'final',22,11,'DEMOK',3,'2025-09-06',NULL,'2POL','Script User'),
(893,'exam',22,11,'ELEKTRON',3,'2025-09-06',NULL,'1POL','Script User'),
(894,'final',22,11,'ELEKTRON',3,'2025-09-06',NULL,'1POL','Script User'),
(895,'exam',22,11,'ELEKTRON',3,'2025-09-06',NULL,'2POL','Script User'),
(896,'final',22,11,'ELEKTRON',3,'2025-09-06',NULL,'2POL','Script User'),
(897,'exam',22,11,'ELENERG',3,'2025-09-06',NULL,'1POL','Script User'),
(898,'final',22,11,'ELENERG',3,'2025-09-06',NULL,'1POL','Script User'),
(899,'exam',22,11,'ELENERG',3,'2025-09-06',NULL,'2POL','Script User'),
(900,'final',22,11,'ELENERG',3,'2025-09-06',NULL,'2POL','Script User'),
(901,'exam',22,11,'ELMJER',3,'2025-09-06',NULL,'1POL','Script User'),
(902,'final',22,11,'ELMJER',3,'2025-09-06',NULL,'1POL','Script User'),
(903,'exam',22,11,'ELMJER',3,'2025-09-06',NULL,'2POL','Script User'),
(904,'final',22,11,'ELMJER',3,'2025-09-06',NULL,'2POL','Script User'),
(905,'exam',22,11,'ENG',3,'2025-09-06',NULL,'1POL','Script User'),
(906,'final',22,11,'ENG',3,'2025-09-06',NULL,'1POL','Script User'),
(907,'exam',22,11,'ENG',3,'2025-09-06',NULL,'2POL','Script User'),
(908,'final',22,11,'ENG',3,'2025-09-06',NULL,'2POL','Script User'),
(909,'exam',22,11,'IDT',3,'2025-09-06',NULL,'1POL','Script User'),
(910,'final',22,11,'IDT',3,'2025-09-06',NULL,'1POL','Script User'),
(911,'exam',22,11,'IDT',3,'2025-09-06',NULL,'2POL','Script User'),
(912,'final',22,11,'IDT',3,'2025-09-06',NULL,'2POL','Script User'),
(913,'exam',22,11,'MM',3,'2025-09-06',NULL,'1POL','Script User'),
(914,'final',22,11,'MM',3,'2025-09-06',NULL,'1POL','Script User'),
(915,'exam',22,11,'MM',3,'2025-09-06',NULL,'2POL','Script User'),
(916,'final',22,11,'MM',3,'2025-09-06',NULL,'2POL','Script User'),
(917,'exam',22,11,'PRKS',3,'2025-09-06',NULL,'1POL','Script User'),
(918,'final',22,11,'PRKS',3,'2025-09-06',NULL,'1POL','Script User'),
(919,'exam',22,11,'PRKS',3,'2025-09-06',NULL,'2POL','Script User'),
(920,'final',22,11,'PRKS',3,'2025-09-06',NULL,'2POL','Script User'),
(921,'exam',22,11,'RIP',3,'2025-09-06',NULL,'1POL','Script User'),
(922,'final',22,11,'RIP',3,'2025-09-06',NULL,'1POL','Script User'),
(923,'exam',22,11,'RIP',3,'2025-09-06',NULL,'2POL','Script User'),
(924,'final',22,11,'RIP',3,'2025-09-06',NULL,'2POL','Script User'),
(925,'exam',22,11,'TIZO',3,'2025-09-06',NULL,'1POL','Script User'),
(926,'final',22,11,'TIZO',3,'2025-09-06',NULL,'1POL','Script User'),
(927,'exam',22,11,'TIZO',3,'2025-09-06',NULL,'2POL','Script User'),
(928,'final',22,11,'TIZO',3,'2025-09-06',NULL,'2POL','Script User'),
(929,'exam',22,11,'VJR',3,'2025-09-06',NULL,'1POL','Script User'),
(930,'final',22,11,'VJR',3,'2025-09-06',NULL,'1POL','Script User'),
(931,'exam',22,11,'VJR',3,'2025-09-06',NULL,'2POL','Script User'),
(932,'final',22,11,'VJR',3,'2025-09-06',NULL,'2POL','Script User'),
(933,'exam',23,11,'AUTO',4,'2025-09-06',NULL,'1POL','Script User'),
(934,'final',23,11,'AUTO',4,'2025-09-06',NULL,'1POL','Script User'),
(935,'exam',23,11,'AUTO',4,'2025-09-06',NULL,'2POL','Script User'),
(936,'final',23,11,'AUTO',4,'2025-09-06',NULL,'2POL','Script User'),
(937,'exam',23,11,'BJZ',4,'2025-09-06',NULL,'1POL','Script User'),
(938,'final',23,11,'BJZ',4,'2025-09-06',NULL,'1POL','Script User'),
(939,'exam',23,11,'BJZ',4,'2025-09-06',NULL,'2POL','Script User'),
(940,'final',23,11,'BJZ',4,'2025-09-06',NULL,'2POL','Script User'),
(941,'exam',23,11,'DEMOK',4,'2025-09-06',NULL,'1POL','Script User'),
(942,'final',23,11,'DEMOK',4,'2025-09-06',NULL,'1POL','Script User'),
(943,'exam',23,11,'DEMOK',4,'2025-09-06',NULL,'2POL','Script User'),
(944,'final',23,11,'DEMOK',4,'2025-09-06',NULL,'2POL','Script User'),
(945,'exam',23,11,'ELEKTRON',4,'2025-09-06',NULL,'1POL','Script User'),
(946,'final',23,11,'ELEKTRON',4,'2025-09-06',NULL,'1POL','Script User'),
(947,'exam',23,11,'ELEKTRON',4,'2025-09-06',NULL,'2POL','Script User'),
(948,'final',23,11,'ELEKTRON',4,'2025-09-06',NULL,'2POL','Script User'),
(949,'exam',23,11,'ELENERG',4,'2025-09-06',NULL,'1POL','Script User'),
(950,'final',23,11,'ELENERG',4,'2025-09-06',NULL,'1POL','Script User'),
(951,'exam',23,11,'ELENERG',4,'2025-09-06',NULL,'2POL','Script User'),
(952,'final',23,11,'ELENERG',4,'2025-09-06',NULL,'2POL','Script User'),
(953,'exam',23,11,'ELMJER',4,'2025-09-06',NULL,'1POL','Script User'),
(954,'final',23,11,'ELMJER',4,'2025-09-06',NULL,'1POL','Script User'),
(955,'exam',23,11,'ELMJER',4,'2025-09-06',NULL,'2POL','Script User'),
(956,'final',23,11,'ELMJER',4,'2025-09-06',NULL,'2POL','Script User'),
(957,'exam',23,11,'ENG',4,'2025-09-06',NULL,'1POL','Script User'),
(958,'final',23,11,'ENG',4,'2025-09-06',NULL,'1POL','Script User'),
(959,'exam',23,11,'ENG',4,'2025-09-06',NULL,'2POL','Script User'),
(960,'final',23,11,'ENG',4,'2025-09-06',NULL,'2POL','Script User'),
(961,'exam',23,11,'IDT',4,'2025-09-06',NULL,'1POL','Script User'),
(962,'final',23,11,'IDT',4,'2025-09-06',NULL,'1POL','Script User'),
(963,'exam',23,11,'IDT',4,'2025-09-06',NULL,'2POL','Script User'),
(964,'final',23,11,'IDT',4,'2025-09-06',NULL,'2POL','Script User'),
(965,'exam',23,11,'MM',4,'2025-09-06',NULL,'1POL','Script User'),
(966,'final',23,11,'MM',4,'2025-09-06',NULL,'1POL','Script User'),
(967,'exam',23,11,'MM',4,'2025-09-06',NULL,'2POL','Script User'),
(968,'final',23,11,'MM',4,'2025-09-06',NULL,'2POL','Script User'),
(969,'exam',23,11,'PRKS',4,'2025-09-06',NULL,'1POL','Script User'),
(970,'final',23,11,'PRKS',4,'2025-09-06',NULL,'1POL','Script User'),
(971,'exam',23,11,'PRKS',4,'2025-09-06',NULL,'2POL','Script User'),
(972,'final',23,11,'PRKS',4,'2025-09-06',NULL,'2POL','Script User'),
(973,'exam',23,11,'RIP',4,'2025-09-06',NULL,'1POL','Script User'),
(974,'final',23,11,'RIP',4,'2025-09-06',NULL,'1POL','Script User'),
(975,'exam',23,11,'RIP',4,'2025-09-06',NULL,'2POL','Script User'),
(976,'final',23,11,'RIP',4,'2025-09-06',NULL,'2POL','Script User'),
(977,'exam',23,11,'TIZO',4,'2025-09-06',NULL,'1POL','Script User'),
(978,'final',23,11,'TIZO',4,'2025-09-06',NULL,'1POL','Script User'),
(979,'exam',23,11,'TIZO',4,'2025-09-06',NULL,'2POL','Script User'),
(980,'final',23,11,'TIZO',4,'2025-09-06',NULL,'2POL','Script User'),
(981,'exam',23,11,'VJR',4,'2025-09-06',NULL,'1POL','Script User'),
(982,'final',23,11,'VJR',4,'2025-09-06',NULL,'1POL','Script User'),
(983,'exam',23,11,'VJR',4,'2025-09-06',NULL,'2POL','Script User'),
(984,'final',23,11,'VJR',4,'2025-09-06',NULL,'2POL','Script User'),
(985,'exam',24,11,'AUTO',5,'2025-09-06',NULL,'1POL','Script User'),
(986,'final',24,11,'AUTO',5,'2025-09-06',NULL,'1POL','Script User'),
(987,'exam',24,11,'AUTO',5,'2025-09-06',NULL,'2POL','Script User'),
(988,'final',24,11,'AUTO',5,'2025-09-06',NULL,'2POL','Script User'),
(989,'exam',24,11,'BJZ',5,'2025-09-06',NULL,'1POL','Script User'),
(990,'final',24,11,'BJZ',5,'2025-09-06',NULL,'1POL','Script User'),
(991,'exam',24,11,'BJZ',5,'2025-09-06',NULL,'2POL','Script User'),
(992,'final',24,11,'BJZ',5,'2025-09-06',NULL,'2POL','Script User'),
(993,'exam',24,11,'DEMOK',5,'2025-09-06',NULL,'1POL','Script User'),
(994,'final',24,11,'DEMOK',5,'2025-09-06',NULL,'1POL','Script User'),
(995,'exam',24,11,'DEMOK',5,'2025-09-06',NULL,'2POL','Script User'),
(996,'final',24,11,'DEMOK',5,'2025-09-06',NULL,'2POL','Script User'),
(997,'exam',24,11,'ELEKTRON',5,'2025-09-06',NULL,'1POL','Script User'),
(998,'final',24,11,'ELEKTRON',5,'2025-09-06',NULL,'1POL','Script User'),
(999,'exam',24,11,'ELEKTRON',5,'2025-09-06',NULL,'2POL','Script User'),
(1000,'final',24,11,'ELEKTRON',5,'2025-09-06',NULL,'2POL','Script User'),
(1001,'exam',24,11,'ELENERG',5,'2025-09-06',NULL,'1POL','Script User'),
(1002,'final',24,11,'ELENERG',5,'2025-09-06',NULL,'1POL','Script User'),
(1003,'exam',24,11,'ELENERG',5,'2025-09-06',NULL,'2POL','Script User'),
(1004,'final',24,11,'ELENERG',5,'2025-09-06',NULL,'2POL','Script User'),
(1005,'exam',24,11,'ELMJER',5,'2025-09-06',NULL,'1POL','Script User'),
(1006,'final',24,11,'ELMJER',5,'2025-09-06',NULL,'1POL','Script User'),
(1007,'exam',24,11,'ELMJER',5,'2025-09-06',NULL,'2POL','Script User'),
(1008,'final',24,11,'ELMJER',5,'2025-09-06',NULL,'2POL','Script User'),
(1009,'exam',24,11,'ENG',5,'2025-09-06',NULL,'1POL','Script User'),
(1010,'final',24,11,'ENG',5,'2025-09-06',NULL,'1POL','Script User'),
(1011,'exam',24,11,'ENG',5,'2025-09-06',NULL,'2POL','Script User'),
(1012,'final',24,11,'ENG',5,'2025-09-06',NULL,'2POL','Script User'),
(1013,'exam',24,11,'IDT',5,'2025-09-06',NULL,'1POL','Script User'),
(1014,'final',24,11,'IDT',5,'2025-09-06',NULL,'1POL','Script User'),
(1015,'exam',24,11,'IDT',5,'2025-09-06',NULL,'2POL','Script User'),
(1016,'final',24,11,'IDT',5,'2025-09-06',NULL,'2POL','Script User'),
(1017,'exam',24,11,'MM',5,'2025-09-06',NULL,'1POL','Script User'),
(1018,'final',24,11,'MM',5,'2025-09-06',NULL,'1POL','Script User'),
(1019,'exam',24,11,'MM',5,'2025-09-06',NULL,'2POL','Script User'),
(1020,'final',24,11,'MM',5,'2025-09-06',NULL,'2POL','Script User'),
(1021,'exam',24,11,'PRKS',5,'2025-09-06',NULL,'1POL','Script User'),
(1022,'final',24,11,'PRKS',5,'2025-09-06',NULL,'1POL','Script User'),
(1023,'exam',24,11,'PRKS',5,'2025-09-06',NULL,'2POL','Script User'),
(1024,'final',24,11,'PRKS',5,'2025-09-06',NULL,'2POL','Script User'),
(1025,'exam',24,11,'RIP',5,'2025-09-06',NULL,'1POL','Script User'),
(1026,'final',24,11,'RIP',5,'2025-09-06',NULL,'1POL','Script User'),
(1027,'exam',24,11,'RIP',5,'2025-09-06',NULL,'2POL','Script User'),
(1028,'final',24,11,'RIP',5,'2025-09-06',NULL,'2POL','Script User'),
(1029,'exam',24,11,'TIZO',5,'2025-09-06',NULL,'1POL','Script User'),
(1030,'final',24,11,'TIZO',5,'2025-09-06',NULL,'1POL','Script User'),
(1031,'exam',24,11,'TIZO',5,'2025-09-06',NULL,'2POL','Script User'),
(1032,'final',24,11,'TIZO',5,'2025-09-06',NULL,'2POL','Script User'),
(1033,'exam',24,11,'VJR',5,'2025-09-06',NULL,'1POL','Script User'),
(1034,'final',24,11,'VJR',5,'2025-09-06',NULL,'1POL','Script User'),
(1035,'exam',24,11,'VJR',5,'2025-09-06',NULL,'2POL','Script User'),
(1036,'final',24,11,'VJR',5,'2025-09-06',NULL,'2POL','Script User'),
(1037,'exam',25,11,'AUTO',2,'2025-09-06',NULL,'1POL','Script User'),
(1038,'final',25,11,'AUTO',2,'2025-09-06',NULL,'1POL','Script User'),
(1039,'exam',25,11,'AUTO',2,'2025-09-06',NULL,'2POL','Script User'),
(1040,'final',25,11,'AUTO',2,'2025-09-06',NULL,'2POL','Script User'),
(1041,'exam',25,11,'BJZ',2,'2025-09-06',NULL,'1POL','Script User'),
(1042,'final',25,11,'BJZ',2,'2025-09-06',NULL,'1POL','Script User'),
(1043,'exam',25,11,'BJZ',2,'2025-09-06',NULL,'2POL','Script User'),
(1044,'final',25,11,'BJZ',2,'2025-09-06',NULL,'2POL','Script User'),
(1045,'exam',25,11,'DEMOK',2,'2025-09-06',NULL,'1POL','Script User'),
(1046,'final',25,11,'DEMOK',2,'2025-09-06',NULL,'1POL','Script User'),
(1047,'exam',25,11,'DEMOK',2,'2025-09-06',NULL,'2POL','Script User'),
(1048,'final',25,11,'DEMOK',2,'2025-09-06',NULL,'2POL','Script User'),
(1049,'exam',25,11,'ELEKTRON',2,'2025-09-06',NULL,'1POL','Script User'),
(1050,'final',25,11,'ELEKTRON',2,'2025-09-06',NULL,'1POL','Script User'),
(1051,'exam',25,11,'ELEKTRON',2,'2025-09-06',NULL,'2POL','Script User'),
(1052,'final',25,11,'ELEKTRON',2,'2025-09-06',NULL,'2POL','Script User'),
(1053,'exam',25,11,'ELENERG',2,'2025-09-06',NULL,'1POL','Script User'),
(1054,'final',25,11,'ELENERG',2,'2025-09-06',NULL,'1POL','Script User'),
(1055,'exam',25,11,'ELENERG',2,'2025-09-06',NULL,'2POL','Script User'),
(1056,'final',25,11,'ELENERG',2,'2025-09-06',NULL,'2POL','Script User'),
(1057,'exam',25,11,'ELMJER',2,'2025-09-06',NULL,'1POL','Script User'),
(1058,'final',25,11,'ELMJER',2,'2025-09-06',NULL,'1POL','Script User'),
(1059,'exam',25,11,'ELMJER',2,'2025-09-06',NULL,'2POL','Script User'),
(1060,'final',25,11,'ELMJER',2,'2025-09-06',NULL,'2POL','Script User'),
(1061,'exam',25,11,'ENG',2,'2025-09-06',NULL,'1POL','Script User'),
(1062,'final',25,11,'ENG',2,'2025-09-06',NULL,'1POL','Script User'),
(1063,'exam',25,11,'ENG',2,'2025-09-06',NULL,'2POL','Script User'),
(1064,'final',25,11,'ENG',2,'2025-09-06',NULL,'2POL','Script User'),
(1065,'exam',25,11,'IDT',2,'2025-09-06',NULL,'1POL','Script User'),
(1066,'final',25,11,'IDT',2,'2025-09-06',NULL,'1POL','Script User'),
(1067,'exam',25,11,'IDT',2,'2025-09-06',NULL,'2POL','Script User'),
(1068,'final',25,11,'IDT',2,'2025-09-06',NULL,'2POL','Script User'),
(1069,'exam',25,11,'MM',2,'2025-09-06',NULL,'1POL','Script User'),
(1070,'final',25,11,'MM',2,'2025-09-06',NULL,'1POL','Script User'),
(1071,'exam',25,11,'MM',2,'2025-09-06',NULL,'2POL','Script User'),
(1072,'final',25,11,'MM',2,'2025-09-06',NULL,'2POL','Script User'),
(1073,'exam',25,11,'PRKS',2,'2025-09-06',NULL,'1POL','Script User'),
(1074,'final',25,11,'PRKS',2,'2025-09-06',NULL,'1POL','Script User'),
(1075,'exam',25,11,'PRKS',2,'2025-09-06',NULL,'2POL','Script User'),
(1076,'final',25,11,'PRKS',2,'2025-09-06',NULL,'2POL','Script User'),
(1077,'exam',25,11,'RIP',2,'2025-09-06',NULL,'1POL','Script User'),
(1078,'final',25,11,'RIP',2,'2025-09-06',NULL,'1POL','Script User'),
(1079,'exam',25,11,'RIP',2,'2025-09-06',NULL,'2POL','Script User'),
(1080,'final',25,11,'RIP',2,'2025-09-06',NULL,'2POL','Script User'),
(1081,'exam',25,11,'TIZO',2,'2025-09-06',NULL,'1POL','Script User'),
(1082,'final',25,11,'TIZO',2,'2025-09-06',NULL,'1POL','Script User'),
(1083,'exam',25,11,'TIZO',2,'2025-09-06',NULL,'2POL','Script User'),
(1084,'final',25,11,'TIZO',2,'2025-09-06',NULL,'2POL','Script User'),
(1085,'exam',25,11,'VJR',2,'2025-09-06',NULL,'1POL','Script User'),
(1086,'final',25,11,'VJR',2,'2025-09-06',NULL,'1POL','Script User'),
(1087,'exam',25,11,'VJR',2,'2025-09-06',NULL,'2POL','Script User'),
(1088,'final',25,11,'VJR',2,'2025-09-06',NULL,'2POL','Script User'),
(1089,'exam',26,11,'AUTO',3,'2025-09-06',NULL,'1POL','Script User'),
(1090,'final',26,11,'AUTO',3,'2025-09-06',NULL,'1POL','Script User'),
(1091,'exam',26,11,'AUTO',3,'2025-09-06',NULL,'2POL','Script User'),
(1092,'final',26,11,'AUTO',3,'2025-09-06',NULL,'2POL','Script User'),
(1093,'exam',26,11,'BJZ',3,'2025-09-06',NULL,'1POL','Script User'),
(1094,'final',26,11,'BJZ',3,'2025-09-06',NULL,'1POL','Script User'),
(1095,'exam',26,11,'BJZ',3,'2025-09-06',NULL,'2POL','Script User'),
(1096,'final',26,11,'BJZ',3,'2025-09-06',NULL,'2POL','Script User'),
(1097,'exam',26,11,'DEMOK',3,'2025-09-06',NULL,'1POL','Script User'),
(1098,'final',26,11,'DEMOK',3,'2025-09-06',NULL,'1POL','Script User'),
(1099,'exam',26,11,'DEMOK',3,'2025-09-06',NULL,'2POL','Script User'),
(1100,'final',26,11,'DEMOK',3,'2025-09-06',NULL,'2POL','Script User'),
(1101,'exam',26,11,'ELEKTRON',3,'2025-09-06',NULL,'1POL','Script User'),
(1102,'final',26,11,'ELEKTRON',3,'2025-09-06',NULL,'1POL','Script User'),
(1103,'exam',26,11,'ELEKTRON',3,'2025-09-06',NULL,'2POL','Script User'),
(1104,'final',26,11,'ELEKTRON',3,'2025-09-06',NULL,'2POL','Script User'),
(1105,'exam',26,11,'ELENERG',3,'2025-09-06',NULL,'1POL','Script User'),
(1106,'final',26,11,'ELENERG',3,'2025-09-06',NULL,'1POL','Script User'),
(1107,'exam',26,11,'ELENERG',3,'2025-09-06',NULL,'2POL','Script User'),
(1108,'final',26,11,'ELENERG',3,'2025-09-06',NULL,'2POL','Script User'),
(1109,'exam',26,11,'ELMJER',3,'2025-09-06',NULL,'1POL','Script User'),
(1110,'final',26,11,'ELMJER',3,'2025-09-06',NULL,'1POL','Script User'),
(1111,'exam',26,11,'ELMJER',3,'2025-09-06',NULL,'2POL','Script User'),
(1112,'final',26,11,'ELMJER',3,'2025-09-06',NULL,'2POL','Script User'),
(1113,'exam',26,11,'ENG',3,'2025-09-06',NULL,'1POL','Script User'),
(1114,'final',26,11,'ENG',3,'2025-09-06',NULL,'1POL','Script User'),
(1115,'exam',26,11,'ENG',3,'2025-09-06',NULL,'2POL','Script User'),
(1116,'final',26,11,'ENG',3,'2025-09-06',NULL,'2POL','Script User'),
(1117,'exam',26,11,'IDT',3,'2025-09-06',NULL,'1POL','Script User'),
(1118,'final',26,11,'IDT',3,'2025-09-06',NULL,'1POL','Script User'),
(1119,'exam',26,11,'IDT',3,'2025-09-06',NULL,'2POL','Script User'),
(1120,'final',26,11,'IDT',3,'2025-09-06',NULL,'2POL','Script User'),
(1121,'exam',26,11,'MM',3,'2025-09-06',NULL,'1POL','Script User'),
(1122,'final',26,11,'MM',3,'2025-09-06',NULL,'1POL','Script User'),
(1123,'exam',26,11,'MM',3,'2025-09-06',NULL,'2POL','Script User'),
(1124,'final',26,11,'MM',3,'2025-09-06',NULL,'2POL','Script User'),
(1125,'exam',26,11,'PRKS',3,'2025-09-06',NULL,'1POL','Script User'),
(1126,'final',26,11,'PRKS',3,'2025-09-06',NULL,'1POL','Script User'),
(1127,'exam',26,11,'PRKS',3,'2025-09-06',NULL,'2POL','Script User'),
(1128,'final',26,11,'PRKS',3,'2025-09-06',NULL,'2POL','Script User'),
(1129,'exam',26,11,'RIP',3,'2025-09-06',NULL,'1POL','Script User'),
(1130,'final',26,11,'RIP',3,'2025-09-06',NULL,'1POL','Script User'),
(1131,'exam',26,11,'RIP',3,'2025-09-06',NULL,'2POL','Script User'),
(1132,'final',26,11,'RIP',3,'2025-09-06',NULL,'2POL','Script User'),
(1133,'exam',26,11,'TIZO',3,'2025-09-06',NULL,'1POL','Script User'),
(1134,'final',26,11,'TIZO',3,'2025-09-06',NULL,'1POL','Script User'),
(1135,'exam',26,11,'TIZO',3,'2025-09-06',NULL,'2POL','Script User'),
(1136,'final',26,11,'TIZO',3,'2025-09-06',NULL,'2POL','Script User'),
(1137,'exam',26,11,'VJR',3,'2025-09-06',NULL,'1POL','Script User'),
(1138,'final',26,11,'VJR',3,'2025-09-06',NULL,'1POL','Script User'),
(1139,'exam',26,11,'VJR',3,'2025-09-06',NULL,'2POL','Script User'),
(1140,'final',26,11,'VJR',3,'2025-09-06',NULL,'2POL','Script User'),
(1141,'exam',27,12,'AUTO',3,'2025-09-06',NULL,'1POL','Script User'),
(1142,'final',27,12,'AUTO',3,'2025-09-06',NULL,'1POL','Script User'),
(1143,'exam',27,12,'AUTO',3,'2025-09-06',NULL,'2POL','Script User'),
(1144,'final',27,12,'AUTO',3,'2025-09-06',NULL,'2POL','Script User'),
(1145,'exam',27,12,'BJZ',3,'2025-09-06',NULL,'1POL','Script User'),
(1146,'final',27,12,'BJZ',3,'2025-09-06',NULL,'1POL','Script User'),
(1147,'exam',27,12,'BJZ',3,'2025-09-06',NULL,'2POL','Script User'),
(1148,'final',27,12,'BJZ',3,'2025-09-06',NULL,'2POL','Script User'),
(1149,'exam',27,12,'DEMOK',3,'2025-09-06',NULL,'1POL','Script User'),
(1150,'final',27,12,'DEMOK',3,'2025-09-06',NULL,'1POL','Script User'),
(1151,'exam',27,12,'DEMOK',3,'2025-09-06',NULL,'2POL','Script User'),
(1152,'final',27,12,'DEMOK',3,'2025-09-06',NULL,'2POL','Script User'),
(1153,'exam',27,12,'ELEKTRON',3,'2025-09-06',NULL,'1POL','Script User'),
(1154,'final',27,12,'ELEKTRON',3,'2025-09-06',NULL,'1POL','Script User'),
(1155,'exam',27,12,'ELEKTRON',3,'2025-09-06',NULL,'2POL','Script User'),
(1156,'final',27,12,'ELEKTRON',3,'2025-09-06',NULL,'2POL','Script User'),
(1157,'exam',27,12,'ELENERG',3,'2025-09-06',NULL,'1POL','Script User'),
(1158,'final',27,12,'ELENERG',3,'2025-09-06',NULL,'1POL','Script User'),
(1159,'exam',27,12,'ELENERG',3,'2025-09-06',NULL,'2POL','Script User'),
(1160,'final',27,12,'ELENERG',3,'2025-09-06',NULL,'2POL','Script User'),
(1161,'exam',27,12,'ELMJER',3,'2025-09-06',NULL,'1POL','Script User'),
(1162,'final',27,12,'ELMJER',3,'2025-09-06',NULL,'1POL','Script User'),
(1163,'exam',27,12,'ELMJER',3,'2025-09-06',NULL,'2POL','Script User'),
(1164,'final',27,12,'ELMJER',3,'2025-09-06',NULL,'2POL','Script User'),
(1165,'exam',27,12,'ENG',3,'2025-09-06',NULL,'1POL','Script User'),
(1166,'final',27,12,'ENG',3,'2025-09-06',NULL,'1POL','Script User'),
(1167,'exam',27,12,'ENG',3,'2025-09-06',NULL,'2POL','Script User'),
(1168,'final',27,12,'ENG',3,'2025-09-06',NULL,'2POL','Script User'),
(1169,'exam',27,12,'IDT',3,'2025-09-06',NULL,'1POL','Script User'),
(1170,'final',27,12,'IDT',3,'2025-09-06',NULL,'1POL','Script User'),
(1171,'exam',27,12,'IDT',3,'2025-09-06',NULL,'2POL','Script User'),
(1172,'final',27,12,'IDT',3,'2025-09-06',NULL,'2POL','Script User'),
(1173,'exam',27,12,'MM',3,'2025-09-06',NULL,'1POL','Script User'),
(1174,'final',27,12,'MM',3,'2025-09-06',NULL,'1POL','Script User'),
(1175,'exam',27,12,'MM',3,'2025-09-06',NULL,'2POL','Script User'),
(1176,'final',27,12,'MM',3,'2025-09-06',NULL,'2POL','Script User'),
(1177,'exam',27,12,'PRKS',3,'2025-09-06',NULL,'1POL','Script User'),
(1178,'final',27,12,'PRKS',3,'2025-09-06',NULL,'1POL','Script User'),
(1179,'exam',27,12,'PRKS',3,'2025-09-06',NULL,'2POL','Script User'),
(1180,'final',27,12,'PRKS',3,'2025-09-06',NULL,'2POL','Script User'),
(1181,'exam',27,12,'RIP',3,'2025-09-06',NULL,'1POL','Script User'),
(1182,'final',27,12,'RIP',3,'2025-09-06',NULL,'1POL','Script User'),
(1183,'exam',27,12,'RIP',3,'2025-09-06',NULL,'2POL','Script User'),
(1184,'final',27,12,'RIP',3,'2025-09-06',NULL,'2POL','Script User'),
(1185,'exam',27,12,'TIZO',3,'2025-09-06',NULL,'1POL','Script User'),
(1186,'final',27,12,'TIZO',3,'2025-09-06',NULL,'1POL','Script User'),
(1187,'exam',27,12,'TIZO',3,'2025-09-06',NULL,'2POL','Script User'),
(1188,'final',27,12,'TIZO',3,'2025-09-06',NULL,'2POL','Script User'),
(1189,'exam',27,12,'VJR',3,'2025-09-06',NULL,'1POL','Script User'),
(1190,'final',27,12,'VJR',3,'2025-09-06',NULL,'1POL','Script User'),
(1191,'exam',27,12,'VJR',3,'2025-09-06',NULL,'2POL','Script User'),
(1192,'final',27,12,'VJR',3,'2025-09-06',NULL,'2POL','Script User'),
(1193,'exam',28,12,'AUTO',4,'2025-09-06',NULL,'1POL','Script User'),
(1194,'final',28,12,'AUTO',4,'2025-09-06',NULL,'1POL','Script User'),
(1195,'exam',28,12,'AUTO',4,'2025-09-06',NULL,'2POL','Script User'),
(1196,'final',28,12,'AUTO',4,'2025-09-06',NULL,'2POL','Script User'),
(1197,'exam',28,12,'BJZ',4,'2025-09-06',NULL,'1POL','Script User'),
(1198,'final',28,12,'BJZ',4,'2025-09-06',NULL,'1POL','Script User'),
(1199,'exam',28,12,'BJZ',4,'2025-09-06',NULL,'2POL','Script User'),
(1200,'final',28,12,'BJZ',4,'2025-09-06',NULL,'2POL','Script User'),
(1201,'exam',28,12,'DEMOK',4,'2025-09-06',NULL,'1POL','Script User'),
(1202,'final',28,12,'DEMOK',4,'2025-09-06',NULL,'1POL','Script User'),
(1203,'exam',28,12,'DEMOK',4,'2025-09-06',NULL,'2POL','Script User'),
(1204,'final',28,12,'DEMOK',4,'2025-09-06',NULL,'2POL','Script User'),
(1205,'exam',28,12,'ELEKTRON',4,'2025-09-06',NULL,'1POL','Script User'),
(1206,'final',28,12,'ELEKTRON',4,'2025-09-06',NULL,'1POL','Script User'),
(1207,'exam',28,12,'ELEKTRON',4,'2025-09-06',NULL,'2POL','Script User'),
(1208,'final',28,12,'ELEKTRON',4,'2025-09-06',NULL,'2POL','Script User'),
(1209,'exam',28,12,'ELENERG',4,'2025-09-06',NULL,'1POL','Script User'),
(1210,'final',28,12,'ELENERG',4,'2025-09-06',NULL,'1POL','Script User'),
(1211,'exam',28,12,'ELENERG',4,'2025-09-06',NULL,'2POL','Script User'),
(1212,'final',28,12,'ELENERG',4,'2025-09-06',NULL,'2POL','Script User'),
(1213,'exam',28,12,'ELMJER',4,'2025-09-06',NULL,'1POL','Script User'),
(1214,'final',28,12,'ELMJER',4,'2025-09-06',NULL,'1POL','Script User'),
(1215,'exam',28,12,'ELMJER',4,'2025-09-06',NULL,'2POL','Script User'),
(1216,'final',28,12,'ELMJER',4,'2025-09-06',NULL,'2POL','Script User'),
(1217,'exam',28,12,'ENG',4,'2025-09-06',NULL,'1POL','Script User'),
(1218,'final',28,12,'ENG',4,'2025-09-06',NULL,'1POL','Script User'),
(1219,'exam',28,12,'ENG',4,'2025-09-06',NULL,'2POL','Script User'),
(1220,'final',28,12,'ENG',4,'2025-09-06',NULL,'2POL','Script User'),
(1221,'exam',28,12,'IDT',4,'2025-09-06',NULL,'1POL','Script User'),
(1222,'final',28,12,'IDT',4,'2025-09-06',NULL,'1POL','Script User'),
(1223,'exam',28,12,'IDT',4,'2025-09-06',NULL,'2POL','Script User'),
(1224,'final',28,12,'IDT',4,'2025-09-06',NULL,'2POL','Script User'),
(1225,'exam',28,12,'MM',4,'2025-09-06',NULL,'1POL','Script User'),
(1226,'final',28,12,'MM',4,'2025-09-06',NULL,'1POL','Script User'),
(1227,'exam',28,12,'MM',4,'2025-09-06',NULL,'2POL','Script User'),
(1228,'final',28,12,'MM',4,'2025-09-06',NULL,'2POL','Script User'),
(1229,'exam',28,12,'PRKS',4,'2025-09-06',NULL,'1POL','Script User'),
(1230,'final',28,12,'PRKS',4,'2025-09-06',NULL,'1POL','Script User'),
(1231,'exam',28,12,'PRKS',4,'2025-09-06',NULL,'2POL','Script User'),
(1232,'final',28,12,'PRKS',4,'2025-09-06',NULL,'2POL','Script User'),
(1233,'exam',28,12,'RIP',4,'2025-09-06',NULL,'1POL','Script User'),
(1234,'final',28,12,'RIP',4,'2025-09-06',NULL,'1POL','Script User'),
(1235,'exam',28,12,'RIP',4,'2025-09-06',NULL,'2POL','Script User'),
(1236,'final',28,12,'RIP',4,'2025-09-06',NULL,'2POL','Script User'),
(1237,'exam',28,12,'TIZO',4,'2025-09-06',NULL,'1POL','Script User'),
(1238,'final',28,12,'TIZO',4,'2025-09-06',NULL,'1POL','Script User'),
(1239,'exam',28,12,'TIZO',4,'2025-09-06',NULL,'2POL','Script User'),
(1240,'final',28,12,'TIZO',4,'2025-09-06',NULL,'2POL','Script User'),
(1241,'exam',28,12,'VJR',4,'2025-09-06',NULL,'1POL','Script User'),
(1242,'final',28,12,'VJR',4,'2025-09-06',NULL,'1POL','Script User'),
(1243,'exam',28,12,'VJR',4,'2025-09-06',NULL,'2POL','Script User'),
(1244,'final',28,12,'VJR',4,'2025-09-06',NULL,'2POL','Script User'),
(1245,'exam',29,12,'AUTO',5,'2025-09-06',NULL,'1POL','Script User'),
(1246,'final',29,12,'AUTO',5,'2025-09-06',NULL,'1POL','Script User'),
(1247,'exam',29,12,'AUTO',5,'2025-09-06',NULL,'2POL','Script User'),
(1248,'final',29,12,'AUTO',5,'2025-09-06',NULL,'2POL','Script User'),
(1249,'exam',29,12,'BJZ',5,'2025-09-06',NULL,'1POL','Script User'),
(1250,'final',29,12,'BJZ',5,'2025-09-06',NULL,'1POL','Script User'),
(1251,'exam',29,12,'BJZ',5,'2025-09-06',NULL,'2POL','Script User'),
(1252,'final',29,12,'BJZ',5,'2025-09-06',NULL,'2POL','Script User'),
(1253,'exam',29,12,'DEMOK',5,'2025-09-06',NULL,'1POL','Script User'),
(1254,'final',29,12,'DEMOK',5,'2025-09-06',NULL,'1POL','Script User'),
(1255,'exam',29,12,'DEMOK',5,'2025-09-06',NULL,'2POL','Script User'),
(1256,'final',29,12,'DEMOK',5,'2025-09-06',NULL,'2POL','Script User'),
(1257,'exam',29,12,'ELEKTRON',5,'2025-09-06',NULL,'1POL','Script User'),
(1258,'final',29,12,'ELEKTRON',5,'2025-09-06',NULL,'1POL','Script User'),
(1259,'exam',29,12,'ELEKTRON',5,'2025-09-06',NULL,'2POL','Script User'),
(1260,'final',29,12,'ELEKTRON',5,'2025-09-06',NULL,'2POL','Script User'),
(1261,'exam',29,12,'ELENERG',5,'2025-09-06',NULL,'1POL','Script User'),
(1262,'final',29,12,'ELENERG',5,'2025-09-06',NULL,'1POL','Script User'),
(1263,'exam',29,12,'ELENERG',5,'2025-09-06',NULL,'2POL','Script User'),
(1264,'final',29,12,'ELENERG',5,'2025-09-06',NULL,'2POL','Script User'),
(1265,'exam',29,12,'ELMJER',5,'2025-09-06',NULL,'1POL','Script User'),
(1266,'final',29,12,'ELMJER',5,'2025-09-06',NULL,'1POL','Script User'),
(1267,'exam',29,12,'ELMJER',5,'2025-09-06',NULL,'2POL','Script User'),
(1268,'final',29,12,'ELMJER',5,'2025-09-06',NULL,'2POL','Script User'),
(1269,'exam',29,12,'ENG',5,'2025-09-06',NULL,'1POL','Script User'),
(1270,'final',29,12,'ENG',5,'2025-09-06',NULL,'1POL','Script User'),
(1271,'exam',29,12,'ENG',5,'2025-09-06',NULL,'2POL','Script User'),
(1272,'final',29,12,'ENG',5,'2025-09-06',NULL,'2POL','Script User'),
(1273,'exam',29,12,'IDT',5,'2025-09-06',NULL,'1POL','Script User'),
(1274,'final',29,12,'IDT',5,'2025-09-06',NULL,'1POL','Script User'),
(1275,'exam',29,12,'IDT',5,'2025-09-06',NULL,'2POL','Script User'),
(1276,'final',29,12,'IDT',5,'2025-09-06',NULL,'2POL','Script User'),
(1277,'exam',29,12,'MM',5,'2025-09-06',NULL,'1POL','Script User'),
(1278,'final',29,12,'MM',5,'2025-09-06',NULL,'1POL','Script User'),
(1279,'exam',29,12,'MM',5,'2025-09-06',NULL,'2POL','Script User'),
(1280,'final',29,12,'MM',5,'2025-09-06',NULL,'2POL','Script User'),
(1281,'exam',29,12,'PRKS',5,'2025-09-06',NULL,'1POL','Script User'),
(1282,'final',29,12,'PRKS',5,'2025-09-06',NULL,'1POL','Script User'),
(1283,'exam',29,12,'PRKS',5,'2025-09-06',NULL,'2POL','Script User'),
(1284,'final',29,12,'PRKS',5,'2025-09-06',NULL,'2POL','Script User'),
(1285,'exam',29,12,'RIP',5,'2025-09-06',NULL,'1POL','Script User'),
(1286,'final',29,12,'RIP',5,'2025-09-06',NULL,'1POL','Script User'),
(1287,'exam',29,12,'RIP',5,'2025-09-06',NULL,'2POL','Script User'),
(1288,'final',29,12,'RIP',5,'2025-09-06',NULL,'2POL','Script User'),
(1289,'exam',29,12,'TIZO',5,'2025-09-06',NULL,'1POL','Script User'),
(1290,'final',29,12,'TIZO',5,'2025-09-06',NULL,'1POL','Script User'),
(1291,'exam',29,12,'TIZO',5,'2025-09-06',NULL,'2POL','Script User'),
(1292,'final',29,12,'TIZO',5,'2025-09-06',NULL,'2POL','Script User'),
(1293,'exam',29,12,'VJR',5,'2025-09-06',NULL,'1POL','Script User'),
(1294,'final',29,12,'VJR',5,'2025-09-06',NULL,'1POL','Script User'),
(1295,'exam',29,12,'VJR',5,'2025-09-06',NULL,'2POL','Script User'),
(1296,'final',29,12,'VJR',5,'2025-09-06',NULL,'2POL','Script User'),
(1297,'exam',30,12,'AUTO',2,'2025-09-06',NULL,'1POL','Script User'),
(1298,'final',30,12,'AUTO',2,'2025-09-06',NULL,'1POL','Script User'),
(1299,'exam',30,12,'AUTO',2,'2025-09-06',NULL,'2POL','Script User'),
(1300,'final',30,12,'AUTO',2,'2025-09-06',NULL,'2POL','Script User'),
(1301,'exam',30,12,'BJZ',2,'2025-09-06',NULL,'1POL','Script User'),
(1302,'final',30,12,'BJZ',2,'2025-09-06',NULL,'1POL','Script User'),
(1303,'exam',30,12,'BJZ',2,'2025-09-06',NULL,'2POL','Script User'),
(1304,'final',30,12,'BJZ',2,'2025-09-06',NULL,'2POL','Script User'),
(1305,'exam',30,12,'DEMOK',2,'2025-09-06',NULL,'1POL','Script User'),
(1306,'final',30,12,'DEMOK',2,'2025-09-06',NULL,'1POL','Script User'),
(1307,'exam',30,12,'DEMOK',2,'2025-09-06',NULL,'2POL','Script User'),
(1308,'final',30,12,'DEMOK',2,'2025-09-06',NULL,'2POL','Script User'),
(1309,'exam',30,12,'ELEKTRON',2,'2025-09-06',NULL,'1POL','Script User'),
(1310,'final',30,12,'ELEKTRON',2,'2025-09-06',NULL,'1POL','Script User'),
(1311,'exam',30,12,'ELEKTRON',2,'2025-09-06',NULL,'2POL','Script User'),
(1312,'final',30,12,'ELEKTRON',2,'2025-09-06',NULL,'2POL','Script User'),
(1313,'exam',30,12,'ELENERG',2,'2025-09-06',NULL,'1POL','Script User'),
(1314,'final',30,12,'ELENERG',2,'2025-09-06',NULL,'1POL','Script User'),
(1315,'exam',30,12,'ELENERG',2,'2025-09-06',NULL,'2POL','Script User'),
(1316,'final',30,12,'ELENERG',2,'2025-09-06',NULL,'2POL','Script User'),
(1317,'exam',30,12,'ELMJER',2,'2025-09-06',NULL,'1POL','Script User'),
(1318,'final',30,12,'ELMJER',2,'2025-09-06',NULL,'1POL','Script User'),
(1319,'exam',30,12,'ELMJER',2,'2025-09-06',NULL,'2POL','Script User'),
(1320,'final',30,12,'ELMJER',2,'2025-09-06',NULL,'2POL','Script User'),
(1321,'exam',30,12,'ENG',2,'2025-09-06',NULL,'1POL','Script User'),
(1322,'final',30,12,'ENG',2,'2025-09-06',NULL,'1POL','Script User'),
(1323,'exam',30,12,'ENG',2,'2025-09-06',NULL,'2POL','Script User'),
(1324,'final',30,12,'ENG',2,'2025-09-06',NULL,'2POL','Script User'),
(1325,'exam',30,12,'IDT',2,'2025-09-06',NULL,'1POL','Script User'),
(1326,'final',30,12,'IDT',2,'2025-09-06',NULL,'1POL','Script User'),
(1327,'exam',30,12,'IDT',2,'2025-09-06',NULL,'2POL','Script User'),
(1328,'final',30,12,'IDT',2,'2025-09-06',NULL,'2POL','Script User'),
(1329,'exam',30,12,'MM',2,'2025-09-06',NULL,'1POL','Script User'),
(1330,'final',30,12,'MM',2,'2025-09-06',NULL,'1POL','Script User'),
(1331,'exam',30,12,'MM',2,'2025-09-06',NULL,'2POL','Script User'),
(1332,'final',30,12,'MM',2,'2025-09-06',NULL,'2POL','Script User'),
(1333,'exam',30,12,'PRKS',2,'2025-09-06',NULL,'1POL','Script User'),
(1334,'final',30,12,'PRKS',2,'2025-09-06',NULL,'1POL','Script User'),
(1335,'exam',30,12,'PRKS',2,'2025-09-06',NULL,'2POL','Script User'),
(1336,'final',30,12,'PRKS',2,'2025-09-06',NULL,'2POL','Script User'),
(1337,'exam',30,12,'RIP',2,'2025-09-06',NULL,'1POL','Script User'),
(1338,'final',30,12,'RIP',2,'2025-09-06',NULL,'1POL','Script User'),
(1339,'exam',30,12,'RIP',2,'2025-09-06',NULL,'2POL','Script User'),
(1340,'final',30,12,'RIP',2,'2025-09-06',NULL,'2POL','Script User'),
(1341,'exam',30,12,'TIZO',2,'2025-09-06',NULL,'1POL','Script User'),
(1342,'final',30,12,'TIZO',2,'2025-09-06',NULL,'1POL','Script User'),
(1343,'exam',30,12,'TIZO',2,'2025-09-06',NULL,'2POL','Script User'),
(1344,'final',30,12,'TIZO',2,'2025-09-06',NULL,'2POL','Script User'),
(1345,'exam',30,12,'VJR',2,'2025-09-06',NULL,'1POL','Script User'),
(1346,'final',30,12,'VJR',2,'2025-09-06',NULL,'1POL','Script User'),
(1347,'exam',30,12,'VJR',2,'2025-09-06',NULL,'2POL','Script User'),
(1348,'final',30,12,'VJR',2,'2025-09-06',NULL,'2POL','Script User'),
(1349,'exam',31,12,'AUTO',3,'2025-09-06',NULL,'1POL','Script User'),
(1350,'final',31,12,'AUTO',3,'2025-09-06',NULL,'1POL','Script User'),
(1351,'exam',31,12,'AUTO',3,'2025-09-06',NULL,'2POL','Script User'),
(1352,'final',31,12,'AUTO',3,'2025-09-06',NULL,'2POL','Script User'),
(1353,'exam',31,12,'BJZ',3,'2025-09-06',NULL,'1POL','Script User'),
(1354,'final',31,12,'BJZ',3,'2025-09-06',NULL,'1POL','Script User'),
(1355,'exam',31,12,'BJZ',3,'2025-09-06',NULL,'2POL','Script User'),
(1356,'final',31,12,'BJZ',3,'2025-09-06',NULL,'2POL','Script User'),
(1357,'exam',31,12,'DEMOK',3,'2025-09-06',NULL,'1POL','Script User'),
(1358,'final',31,12,'DEMOK',3,'2025-09-06',NULL,'1POL','Script User'),
(1359,'exam',31,12,'DEMOK',3,'2025-09-06',NULL,'2POL','Script User'),
(1360,'final',31,12,'DEMOK',3,'2025-09-06',NULL,'2POL','Script User'),
(1361,'exam',31,12,'ELEKTRON',3,'2025-09-06',NULL,'1POL','Script User'),
(1362,'final',31,12,'ELEKTRON',3,'2025-09-06',NULL,'1POL','Script User'),
(1363,'exam',31,12,'ELEKTRON',3,'2025-09-06',NULL,'2POL','Script User'),
(1364,'final',31,12,'ELEKTRON',3,'2025-09-06',NULL,'2POL','Script User'),
(1365,'exam',31,12,'ELENERG',3,'2025-09-06',NULL,'1POL','Script User'),
(1366,'final',31,12,'ELENERG',3,'2025-09-06',NULL,'1POL','Script User'),
(1367,'exam',31,12,'ELENERG',3,'2025-09-06',NULL,'2POL','Script User'),
(1368,'final',31,12,'ELENERG',3,'2025-09-06',NULL,'2POL','Script User'),
(1369,'exam',31,12,'ELMJER',3,'2025-09-06',NULL,'1POL','Script User'),
(1370,'final',31,12,'ELMJER',3,'2025-09-06',NULL,'1POL','Script User'),
(1371,'exam',31,12,'ELMJER',3,'2025-09-06',NULL,'2POL','Script User'),
(1372,'final',31,12,'ELMJER',3,'2025-09-06',NULL,'2POL','Script User'),
(1373,'exam',31,12,'ENG',3,'2025-09-06',NULL,'1POL','Script User'),
(1374,'final',31,12,'ENG',3,'2025-09-06',NULL,'1POL','Script User'),
(1375,'exam',31,12,'ENG',3,'2025-09-06',NULL,'2POL','Script User'),
(1376,'final',31,12,'ENG',3,'2025-09-06',NULL,'2POL','Script User'),
(1377,'exam',31,12,'IDT',3,'2025-09-06',NULL,'1POL','Script User'),
(1378,'final',31,12,'IDT',3,'2025-09-06',NULL,'1POL','Script User'),
(1379,'exam',31,12,'IDT',3,'2025-09-06',NULL,'2POL','Script User'),
(1380,'final',31,12,'IDT',3,'2025-09-06',NULL,'2POL','Script User'),
(1381,'exam',31,12,'MM',3,'2025-09-06',NULL,'1POL','Script User'),
(1382,'final',31,12,'MM',3,'2025-09-06',NULL,'1POL','Script User'),
(1383,'exam',31,12,'MM',3,'2025-09-06',NULL,'2POL','Script User'),
(1384,'final',31,12,'MM',3,'2025-09-06',NULL,'2POL','Script User'),
(1385,'exam',31,12,'PRKS',3,'2025-09-06',NULL,'1POL','Script User'),
(1386,'final',31,12,'PRKS',3,'2025-09-06',NULL,'1POL','Script User'),
(1387,'exam',31,12,'PRKS',3,'2025-09-06',NULL,'2POL','Script User'),
(1388,'final',31,12,'PRKS',3,'2025-09-06',NULL,'2POL','Script User'),
(1389,'exam',31,12,'RIP',3,'2025-09-06',NULL,'1POL','Script User'),
(1390,'final',31,12,'RIP',3,'2025-09-06',NULL,'1POL','Script User'),
(1391,'exam',31,12,'RIP',3,'2025-09-06',NULL,'2POL','Script User'),
(1392,'final',31,12,'RIP',3,'2025-09-06',NULL,'2POL','Script User'),
(1393,'exam',31,12,'TIZO',3,'2025-09-06',NULL,'1POL','Script User'),
(1394,'final',31,12,'TIZO',3,'2025-09-06',NULL,'1POL','Script User'),
(1395,'exam',31,12,'TIZO',3,'2025-09-06',NULL,'2POL','Script User'),
(1396,'final',31,12,'TIZO',3,'2025-09-06',NULL,'2POL','Script User'),
(1397,'exam',31,12,'VJR',3,'2025-09-06',NULL,'1POL','Script User'),
(1398,'final',31,12,'VJR',3,'2025-09-06',NULL,'1POL','Script User'),
(1399,'exam',31,12,'VJR',3,'2025-09-06',NULL,'2POL','Script User'),
(1400,'final',31,12,'VJR',3,'2025-09-06',NULL,'2POL','Script User'),
(1401,'exam',32,13,'AUTO',3,'2025-09-06',NULL,'1POL','Script User'),
(1402,'final',32,13,'AUTO',3,'2025-09-06',NULL,'1POL','Script User'),
(1403,'exam',32,13,'AUTO',3,'2025-09-06',NULL,'2POL','Script User'),
(1404,'final',32,13,'AUTO',3,'2025-09-06',NULL,'2POL','Script User'),
(1405,'exam',32,13,'BJZ',3,'2025-09-06',NULL,'1POL','Script User'),
(1406,'final',32,13,'BJZ',3,'2025-09-06',NULL,'1POL','Script User'),
(1407,'exam',32,13,'BJZ',3,'2025-09-06',NULL,'2POL','Script User'),
(1408,'final',32,13,'BJZ',3,'2025-09-06',NULL,'2POL','Script User'),
(1409,'exam',32,13,'DRM',3,'2025-09-06',NULL,'1POL','Script User'),
(1410,'final',32,13,'DRM',3,'2025-09-06',NULL,'1POL','Script User'),
(1411,'exam',32,13,'DRM',3,'2025-09-06',NULL,'2POL','Script User'),
(1412,'final',32,13,'DRM',3,'2025-09-06',NULL,'2POL','Script User'),
(1413,'exam',32,13,'ELEKTRON',3,'2025-09-06',NULL,'1POL','Script User'),
(1414,'final',32,13,'ELEKTRON',3,'2025-09-06',NULL,'1POL','Script User'),
(1415,'exam',32,13,'ELEKTRON',3,'2025-09-06',NULL,'2POL','Script User'),
(1416,'final',32,13,'ELEKTRON',3,'2025-09-06',NULL,'2POL','Script User'),
(1417,'exam',32,13,'ELKOL',3,'2025-09-06',NULL,'1POL','Script User'),
(1418,'final',32,13,'ELKOL',3,'2025-09-06',NULL,'1POL','Script User'),
(1419,'exam',32,13,'ELKOL',3,'2025-09-06',NULL,'2POL','Script User'),
(1420,'final',32,13,'ELKOL',3,'2025-09-06',NULL,'2POL','Script User'),
(1421,'exam',32,13,'ELMJER',3,'2025-09-06',NULL,'1POL','Script User'),
(1422,'final',32,13,'ELMJER',3,'2025-09-06',NULL,'1POL','Script User'),
(1423,'exam',32,13,'ELMJER',3,'2025-09-06',NULL,'2POL','Script User'),
(1424,'final',32,13,'ELMJER',3,'2025-09-06',NULL,'2POL','Script User'),
(1425,'exam',32,13,'ENG',3,'2025-09-06',NULL,'1POL','Script User'),
(1426,'final',32,13,'ENG',3,'2025-09-06',NULL,'1POL','Script User'),
(1427,'exam',32,13,'ENG',3,'2025-09-06',NULL,'2POL','Script User'),
(1428,'final',32,13,'ENG',3,'2025-09-06',NULL,'2POL','Script User'),
(1429,'exam',32,13,'MM',3,'2025-09-06',NULL,'1POL','Script User'),
(1430,'final',32,13,'MM',3,'2025-09-06',NULL,'1POL','Script User'),
(1431,'exam',32,13,'MM',3,'2025-09-06',NULL,'2POL','Script User'),
(1432,'final',32,13,'MM',3,'2025-09-06',NULL,'2POL','Script User'),
(1433,'exam',32,13,'PRKS',3,'2025-09-06',NULL,'1POL','Script User'),
(1434,'final',32,13,'PRKS',3,'2025-09-06',NULL,'1POL','Script User'),
(1435,'exam',32,13,'PRKS',3,'2025-09-06',NULL,'2POL','Script User'),
(1436,'final',32,13,'PRKS',3,'2025-09-06',NULL,'2POL','Script User'),
(1437,'exam',32,13,'RIP',3,'2025-09-06',NULL,'1POL','Script User'),
(1438,'final',32,13,'RIP',3,'2025-09-06',NULL,'1POL','Script User'),
(1439,'exam',32,13,'RIP',3,'2025-09-06',NULL,'2POL','Script User'),
(1440,'final',32,13,'RIP',3,'2025-09-06',NULL,'2POL','Script User'),
(1441,'exam',32,13,'SOCIO',3,'2025-09-06',NULL,'1POL','Script User'),
(1442,'final',32,13,'SOCIO',3,'2025-09-06',NULL,'1POL','Script User'),
(1443,'exam',32,13,'SOCIO',3,'2025-09-06',NULL,'2POL','Script User'),
(1444,'final',32,13,'SOCIO',3,'2025-09-06',NULL,'2POL','Script User'),
(1445,'exam',32,13,'TIZO',3,'2025-09-06',NULL,'1POL','Script User'),
(1446,'final',32,13,'TIZO',3,'2025-09-06',NULL,'1POL','Script User'),
(1447,'exam',32,13,'TIZO',3,'2025-09-06',NULL,'2POL','Script User'),
(1448,'final',32,13,'TIZO',3,'2025-09-06',NULL,'2POL','Script User'),
(1449,'exam',32,13,'VJR',3,'2025-09-06',NULL,'1POL','Script User'),
(1450,'final',32,13,'VJR',3,'2025-09-06',NULL,'1POL','Script User'),
(1451,'exam',32,13,'VJR',3,'2025-09-06',NULL,'2POL','Script User'),
(1452,'final',32,13,'VJR',3,'2025-09-06',NULL,'2POL','Script User'),
(1453,'exam',33,13,'AUTO',4,'2025-09-06',NULL,'1POL','Script User'),
(1454,'final',33,13,'AUTO',4,'2025-09-06',NULL,'1POL','Script User'),
(1455,'exam',33,13,'AUTO',4,'2025-09-06',NULL,'2POL','Script User'),
(1456,'final',33,13,'AUTO',4,'2025-09-06',NULL,'2POL','Script User'),
(1457,'exam',33,13,'BJZ',4,'2025-09-06',NULL,'1POL','Script User'),
(1458,'final',33,13,'BJZ',4,'2025-09-06',NULL,'1POL','Script User'),
(1459,'exam',33,13,'BJZ',4,'2025-09-06',NULL,'2POL','Script User'),
(1460,'final',33,13,'BJZ',4,'2025-09-06',NULL,'2POL','Script User'),
(1461,'exam',33,13,'DRM',4,'2025-09-06',NULL,'1POL','Script User'),
(1462,'final',33,13,'DRM',4,'2025-09-06',NULL,'1POL','Script User'),
(1463,'exam',33,13,'DRM',4,'2025-09-06',NULL,'2POL','Script User'),
(1464,'final',33,13,'DRM',4,'2025-09-06',NULL,'2POL','Script User'),
(1465,'exam',33,13,'ELEKTRON',4,'2025-09-06',NULL,'1POL','Script User'),
(1466,'final',33,13,'ELEKTRON',4,'2025-09-06',NULL,'1POL','Script User'),
(1467,'exam',33,13,'ELEKTRON',4,'2025-09-06',NULL,'2POL','Script User'),
(1468,'final',33,13,'ELEKTRON',4,'2025-09-06',NULL,'2POL','Script User'),
(1469,'exam',33,13,'ELKOL',4,'2025-09-06',NULL,'1POL','Script User'),
(1470,'final',33,13,'ELKOL',4,'2025-09-06',NULL,'1POL','Script User'),
(1471,'exam',33,13,'ELKOL',4,'2025-09-06',NULL,'2POL','Script User'),
(1472,'final',33,13,'ELKOL',4,'2025-09-06',NULL,'2POL','Script User'),
(1473,'exam',33,13,'ELMJER',4,'2025-09-06',NULL,'1POL','Script User'),
(1474,'final',33,13,'ELMJER',4,'2025-09-06',NULL,'1POL','Script User'),
(1475,'exam',33,13,'ELMJER',4,'2025-09-06',NULL,'2POL','Script User'),
(1476,'final',33,13,'ELMJER',4,'2025-09-06',NULL,'2POL','Script User'),
(1477,'exam',33,13,'ENG',4,'2025-09-06',NULL,'1POL','Script User'),
(1478,'final',33,13,'ENG',4,'2025-09-06',NULL,'1POL','Script User'),
(1479,'exam',33,13,'ENG',4,'2025-09-06',NULL,'2POL','Script User'),
(1480,'final',33,13,'ENG',4,'2025-09-06',NULL,'2POL','Script User'),
(1481,'exam',33,13,'MM',4,'2025-09-06',NULL,'1POL','Script User'),
(1482,'final',33,13,'MM',4,'2025-09-06',NULL,'1POL','Script User'),
(1483,'exam',33,13,'MM',4,'2025-09-06',NULL,'2POL','Script User'),
(1484,'final',33,13,'MM',4,'2025-09-06',NULL,'2POL','Script User'),
(1485,'exam',33,13,'PRKS',4,'2025-09-06',NULL,'1POL','Script User'),
(1486,'final',33,13,'PRKS',4,'2025-09-06',NULL,'1POL','Script User'),
(1487,'exam',33,13,'PRKS',4,'2025-09-06',NULL,'2POL','Script User'),
(1488,'final',33,13,'PRKS',4,'2025-09-06',NULL,'2POL','Script User'),
(1489,'exam',33,13,'RIP',4,'2025-09-06',NULL,'1POL','Script User'),
(1490,'final',33,13,'RIP',4,'2025-09-06',NULL,'1POL','Script User'),
(1491,'exam',33,13,'RIP',4,'2025-09-06',NULL,'2POL','Script User'),
(1492,'final',33,13,'RIP',4,'2025-09-06',NULL,'2POL','Script User'),
(1493,'exam',33,13,'SOCIO',4,'2025-09-06',NULL,'1POL','Script User'),
(1494,'final',33,13,'SOCIO',4,'2025-09-06',NULL,'1POL','Script User'),
(1495,'exam',33,13,'SOCIO',4,'2025-09-06',NULL,'2POL','Script User'),
(1496,'final',33,13,'SOCIO',4,'2025-09-06',NULL,'2POL','Script User'),
(1497,'exam',33,13,'TIZO',4,'2025-09-06',NULL,'1POL','Script User'),
(1498,'final',33,13,'TIZO',4,'2025-09-06',NULL,'1POL','Script User'),
(1499,'exam',33,13,'TIZO',4,'2025-09-06',NULL,'2POL','Script User'),
(1500,'final',33,13,'TIZO',4,'2025-09-06',NULL,'2POL','Script User'),
(1501,'exam',33,13,'VJR',4,'2025-09-06',NULL,'1POL','Script User'),
(1502,'final',33,13,'VJR',4,'2025-09-06',NULL,'1POL','Script User'),
(1503,'exam',33,13,'VJR',4,'2025-09-06',NULL,'2POL','Script User'),
(1504,'final',33,13,'VJR',4,'2025-09-06',NULL,'2POL','Script User'),
(1505,'exam',34,13,'AUTO',5,'2025-09-06',NULL,'1POL','Script User'),
(1506,'final',34,13,'AUTO',5,'2025-09-06',NULL,'1POL','Script User'),
(1507,'exam',34,13,'AUTO',5,'2025-09-06',NULL,'2POL','Script User'),
(1508,'final',34,13,'AUTO',5,'2025-09-06',NULL,'2POL','Script User'),
(1509,'exam',34,13,'BJZ',5,'2025-09-06',NULL,'1POL','Script User'),
(1510,'final',34,13,'BJZ',5,'2025-09-06',NULL,'1POL','Script User'),
(1511,'exam',34,13,'BJZ',5,'2025-09-06',NULL,'2POL','Script User'),
(1512,'final',34,13,'BJZ',5,'2025-09-06',NULL,'2POL','Script User'),
(1513,'exam',34,13,'DRM',5,'2025-09-06',NULL,'1POL','Script User'),
(1514,'final',34,13,'DRM',5,'2025-09-06',NULL,'1POL','Script User'),
(1515,'exam',34,13,'DRM',5,'2025-09-06',NULL,'2POL','Script User'),
(1516,'final',34,13,'DRM',5,'2025-09-06',NULL,'2POL','Script User'),
(1517,'exam',34,13,'ELEKTRON',5,'2025-09-06',NULL,'1POL','Script User'),
(1518,'final',34,13,'ELEKTRON',5,'2025-09-06',NULL,'1POL','Script User'),
(1519,'exam',34,13,'ELEKTRON',5,'2025-09-06',NULL,'2POL','Script User'),
(1520,'final',34,13,'ELEKTRON',5,'2025-09-06',NULL,'2POL','Script User'),
(1521,'exam',34,13,'ELKOL',5,'2025-09-06',NULL,'1POL','Script User'),
(1522,'final',34,13,'ELKOL',5,'2025-09-06',NULL,'1POL','Script User'),
(1523,'exam',34,13,'ELKOL',5,'2025-09-06',NULL,'2POL','Script User'),
(1524,'final',34,13,'ELKOL',5,'2025-09-06',NULL,'2POL','Script User'),
(1525,'exam',34,13,'ELMJER',5,'2025-09-06',NULL,'1POL','Script User'),
(1526,'final',34,13,'ELMJER',5,'2025-09-06',NULL,'1POL','Script User'),
(1527,'exam',34,13,'ELMJER',5,'2025-09-06',NULL,'2POL','Script User'),
(1528,'final',34,13,'ELMJER',5,'2025-09-06',NULL,'2POL','Script User'),
(1529,'exam',34,13,'ENG',5,'2025-09-06',NULL,'1POL','Script User'),
(1530,'final',34,13,'ENG',5,'2025-09-06',NULL,'1POL','Script User'),
(1531,'exam',34,13,'ENG',5,'2025-09-06',NULL,'2POL','Script User'),
(1532,'final',34,13,'ENG',5,'2025-09-06',NULL,'2POL','Script User'),
(1533,'exam',34,13,'MM',5,'2025-09-06',NULL,'1POL','Script User'),
(1534,'final',34,13,'MM',5,'2025-09-06',NULL,'1POL','Script User'),
(1535,'exam',34,13,'MM',5,'2025-09-06',NULL,'2POL','Script User'),
(1536,'final',34,13,'MM',5,'2025-09-06',NULL,'2POL','Script User'),
(1537,'exam',34,13,'PRKS',5,'2025-09-06',NULL,'1POL','Script User'),
(1538,'final',34,13,'PRKS',5,'2025-09-06',NULL,'1POL','Script User'),
(1539,'exam',34,13,'PRKS',5,'2025-09-06',NULL,'2POL','Script User'),
(1540,'final',34,13,'PRKS',5,'2025-09-06',NULL,'2POL','Script User'),
(1541,'exam',34,13,'RIP',5,'2025-09-06',NULL,'1POL','Script User'),
(1542,'final',34,13,'RIP',5,'2025-09-06',NULL,'1POL','Script User'),
(1543,'exam',34,13,'RIP',5,'2025-09-06',NULL,'2POL','Script User'),
(1544,'final',34,13,'RIP',5,'2025-09-06',NULL,'2POL','Script User'),
(1545,'exam',34,13,'SOCIO',5,'2025-09-06',NULL,'1POL','Script User'),
(1546,'final',34,13,'SOCIO',5,'2025-09-06',NULL,'1POL','Script User'),
(1547,'exam',34,13,'SOCIO',5,'2025-09-06',NULL,'2POL','Script User'),
(1548,'final',34,13,'SOCIO',5,'2025-09-06',NULL,'2POL','Script User'),
(1549,'exam',34,13,'TIZO',5,'2025-09-06',NULL,'1POL','Script User'),
(1550,'final',34,13,'TIZO',5,'2025-09-06',NULL,'1POL','Script User'),
(1551,'exam',34,13,'TIZO',5,'2025-09-06',NULL,'2POL','Script User'),
(1552,'final',34,13,'TIZO',5,'2025-09-06',NULL,'2POL','Script User'),
(1553,'exam',34,13,'VJR',5,'2025-09-06',NULL,'1POL','Script User'),
(1554,'final',34,13,'VJR',5,'2025-09-06',NULL,'1POL','Script User'),
(1555,'exam',34,13,'VJR',5,'2025-09-06',NULL,'2POL','Script User'),
(1556,'final',34,13,'VJR',5,'2025-09-06',NULL,'2POL','Script User'),
(1557,'exam',35,13,'AUTO',2,'2025-09-06',NULL,'1POL','Script User'),
(1558,'final',35,13,'AUTO',2,'2025-09-06',NULL,'1POL','Script User'),
(1559,'exam',35,13,'AUTO',2,'2025-09-06',NULL,'2POL','Script User'),
(1560,'final',35,13,'AUTO',2,'2025-09-06',NULL,'2POL','Script User'),
(1561,'exam',35,13,'BJZ',2,'2025-09-06',NULL,'1POL','Script User'),
(1562,'final',35,13,'BJZ',2,'2025-09-06',NULL,'1POL','Script User'),
(1563,'exam',35,13,'BJZ',2,'2025-09-06',NULL,'2POL','Script User'),
(1564,'final',35,13,'BJZ',2,'2025-09-06',NULL,'2POL','Script User'),
(1565,'exam',35,13,'DRM',2,'2025-09-06',NULL,'1POL','Script User'),
(1566,'final',35,13,'DRM',2,'2025-09-06',NULL,'1POL','Script User'),
(1567,'exam',35,13,'DRM',2,'2025-09-06',NULL,'2POL','Script User'),
(1568,'final',35,13,'DRM',2,'2025-09-06',NULL,'2POL','Script User'),
(1569,'exam',35,13,'ELEKTRON',2,'2025-09-06',NULL,'1POL','Script User'),
(1570,'final',35,13,'ELEKTRON',2,'2025-09-06',NULL,'1POL','Script User'),
(1571,'exam',35,13,'ELEKTRON',2,'2025-09-06',NULL,'2POL','Script User'),
(1572,'final',35,13,'ELEKTRON',2,'2025-09-06',NULL,'2POL','Script User'),
(1573,'exam',35,13,'ELKOL',2,'2025-09-06',NULL,'1POL','Script User'),
(1574,'final',35,13,'ELKOL',2,'2025-09-06',NULL,'1POL','Script User'),
(1575,'exam',35,13,'ELKOL',2,'2025-09-06',NULL,'2POL','Script User'),
(1576,'final',35,13,'ELKOL',2,'2025-09-06',NULL,'2POL','Script User'),
(1577,'exam',35,13,'ELMJER',2,'2025-09-06',NULL,'1POL','Script User'),
(1578,'final',35,13,'ELMJER',2,'2025-09-06',NULL,'1POL','Script User'),
(1579,'exam',35,13,'ELMJER',2,'2025-09-06',NULL,'2POL','Script User'),
(1580,'final',35,13,'ELMJER',2,'2025-09-06',NULL,'2POL','Script User'),
(1581,'exam',35,13,'ENG',2,'2025-09-06',NULL,'1POL','Script User'),
(1582,'final',35,13,'ENG',2,'2025-09-06',NULL,'1POL','Script User'),
(1583,'exam',35,13,'ENG',2,'2025-09-06',NULL,'2POL','Script User'),
(1584,'final',35,13,'ENG',2,'2025-09-06',NULL,'2POL','Script User'),
(1585,'exam',35,13,'MM',2,'2025-09-06',NULL,'1POL','Script User'),
(1586,'final',35,13,'MM',2,'2025-09-06',NULL,'1POL','Script User'),
(1587,'exam',35,13,'MM',2,'2025-09-06',NULL,'2POL','Script User'),
(1588,'final',35,13,'MM',2,'2025-09-06',NULL,'2POL','Script User'),
(1589,'exam',35,13,'PRKS',2,'2025-09-06',NULL,'1POL','Script User'),
(1590,'final',35,13,'PRKS',2,'2025-09-06',NULL,'1POL','Script User'),
(1591,'exam',35,13,'PRKS',2,'2025-09-06',NULL,'2POL','Script User'),
(1592,'final',35,13,'PRKS',2,'2025-09-06',NULL,'2POL','Script User'),
(1593,'exam',35,13,'RIP',2,'2025-09-06',NULL,'1POL','Script User'),
(1594,'final',35,13,'RIP',2,'2025-09-06',NULL,'1POL','Script User'),
(1595,'exam',35,13,'RIP',2,'2025-09-06',NULL,'2POL','Script User'),
(1596,'final',35,13,'RIP',2,'2025-09-06',NULL,'2POL','Script User'),
(1597,'exam',35,13,'SOCIO',2,'2025-09-06',NULL,'1POL','Script User'),
(1598,'final',35,13,'SOCIO',2,'2025-09-06',NULL,'1POL','Script User'),
(1599,'exam',35,13,'SOCIO',2,'2025-09-06',NULL,'2POL','Script User'),
(1600,'final',35,13,'SOCIO',2,'2025-09-06',NULL,'2POL','Script User'),
(1601,'exam',35,13,'TIZO',2,'2025-09-06',NULL,'1POL','Script User'),
(1602,'final',35,13,'TIZO',2,'2025-09-06',NULL,'1POL','Script User'),
(1603,'exam',35,13,'TIZO',2,'2025-09-06',NULL,'2POL','Script User'),
(1604,'final',35,13,'TIZO',2,'2025-09-06',NULL,'2POL','Script User'),
(1605,'exam',35,13,'VJR',2,'2025-09-06',NULL,'1POL','Script User'),
(1606,'final',35,13,'VJR',2,'2025-09-06',NULL,'1POL','Script User'),
(1607,'exam',35,13,'VJR',2,'2025-09-06',NULL,'2POL','Script User'),
(1608,'final',35,13,'VJR',2,'2025-09-06',NULL,'2POL','Script User'),
(1609,'exam',36,13,'AUTO',3,'2025-09-06',NULL,'1POL','Script User'),
(1610,'final',36,13,'AUTO',3,'2025-09-06',NULL,'1POL','Script User'),
(1611,'exam',36,13,'AUTO',3,'2025-09-06',NULL,'2POL','Script User'),
(1612,'final',36,13,'AUTO',3,'2025-09-06',NULL,'2POL','Script User'),
(1613,'exam',36,13,'BJZ',3,'2025-09-06',NULL,'1POL','Script User'),
(1614,'final',36,13,'BJZ',3,'2025-09-06',NULL,'1POL','Script User'),
(1615,'exam',36,13,'BJZ',3,'2025-09-06',NULL,'2POL','Script User'),
(1616,'final',36,13,'BJZ',3,'2025-09-06',NULL,'2POL','Script User'),
(1617,'exam',36,13,'DRM',3,'2025-09-06',NULL,'1POL','Script User'),
(1618,'final',36,13,'DRM',3,'2025-09-06',NULL,'1POL','Script User'),
(1619,'exam',36,13,'DRM',3,'2025-09-06',NULL,'2POL','Script User'),
(1620,'final',36,13,'DRM',3,'2025-09-06',NULL,'2POL','Script User'),
(1621,'exam',36,13,'ELEKTRON',3,'2025-09-06',NULL,'1POL','Script User'),
(1622,'final',36,13,'ELEKTRON',3,'2025-09-06',NULL,'1POL','Script User'),
(1623,'exam',36,13,'ELEKTRON',3,'2025-09-06',NULL,'2POL','Script User'),
(1624,'final',36,13,'ELEKTRON',3,'2025-09-06',NULL,'2POL','Script User'),
(1625,'exam',36,13,'ELKOL',3,'2025-09-06',NULL,'1POL','Script User'),
(1626,'final',36,13,'ELKOL',3,'2025-09-06',NULL,'1POL','Script User'),
(1627,'exam',36,13,'ELKOL',3,'2025-09-06',NULL,'2POL','Script User'),
(1628,'final',36,13,'ELKOL',3,'2025-09-06',NULL,'2POL','Script User'),
(1629,'exam',36,13,'ELMJER',3,'2025-09-06',NULL,'1POL','Script User'),
(1630,'final',36,13,'ELMJER',3,'2025-09-06',NULL,'1POL','Script User'),
(1631,'exam',36,13,'ELMJER',3,'2025-09-06',NULL,'2POL','Script User'),
(1632,'final',36,13,'ELMJER',3,'2025-09-06',NULL,'2POL','Script User'),
(1633,'exam',36,13,'ENG',3,'2025-09-06',NULL,'1POL','Script User'),
(1634,'final',36,13,'ENG',3,'2025-09-06',NULL,'1POL','Script User'),
(1635,'exam',36,13,'ENG',3,'2025-09-06',NULL,'2POL','Script User'),
(1636,'final',36,13,'ENG',3,'2025-09-06',NULL,'2POL','Script User'),
(1637,'exam',36,13,'MM',3,'2025-09-06',NULL,'1POL','Script User'),
(1638,'final',36,13,'MM',3,'2025-09-06',NULL,'1POL','Script User'),
(1639,'exam',36,13,'MM',3,'2025-09-06',NULL,'2POL','Script User'),
(1640,'final',36,13,'MM',3,'2025-09-06',NULL,'2POL','Script User'),
(1641,'exam',36,13,'PRKS',3,'2025-09-06',NULL,'1POL','Script User'),
(1642,'final',36,13,'PRKS',3,'2025-09-06',NULL,'1POL','Script User'),
(1643,'exam',36,13,'PRKS',3,'2025-09-06',NULL,'2POL','Script User'),
(1644,'final',36,13,'PRKS',3,'2025-09-06',NULL,'2POL','Script User'),
(1645,'exam',36,13,'RIP',3,'2025-09-06',NULL,'1POL','Script User'),
(1646,'final',36,13,'RIP',3,'2025-09-06',NULL,'1POL','Script User'),
(1647,'exam',36,13,'RIP',3,'2025-09-06',NULL,'2POL','Script User'),
(1648,'final',36,13,'RIP',3,'2025-09-06',NULL,'2POL','Script User'),
(1649,'exam',36,13,'SOCIO',3,'2025-09-06',NULL,'1POL','Script User'),
(1650,'final',36,13,'SOCIO',3,'2025-09-06',NULL,'1POL','Script User'),
(1651,'exam',36,13,'SOCIO',3,'2025-09-06',NULL,'2POL','Script User'),
(1652,'final',36,13,'SOCIO',3,'2025-09-06',NULL,'2POL','Script User'),
(1653,'exam',36,13,'TIZO',3,'2025-09-06',NULL,'1POL','Script User'),
(1654,'final',36,13,'TIZO',3,'2025-09-06',NULL,'1POL','Script User'),
(1655,'exam',36,13,'TIZO',3,'2025-09-06',NULL,'2POL','Script User'),
(1656,'final',36,13,'TIZO',3,'2025-09-06',NULL,'2POL','Script User'),
(1657,'exam',36,13,'VJR',3,'2025-09-06',NULL,'1POL','Script User'),
(1658,'final',36,13,'VJR',3,'2025-09-06',NULL,'1POL','Script User'),
(1659,'exam',36,13,'VJR',3,'2025-09-06',NULL,'2POL','Script User'),
(1660,'final',36,13,'VJR',3,'2025-09-06',NULL,'2POL','Script User'),
(1661,'exam',37,14,'AUTO',3,'2025-09-06',NULL,'1POL','Script User'),
(1662,'final',37,14,'AUTO',3,'2025-09-06',NULL,'1POL','Script User'),
(1663,'exam',37,14,'AUTO',3,'2025-09-06',NULL,'2POL','Script User'),
(1664,'final',37,14,'AUTO',3,'2025-09-06',NULL,'2POL','Script User'),
(1665,'exam',37,14,'BJZ',3,'2025-09-06',NULL,'1POL','Script User'),
(1666,'final',37,14,'BJZ',3,'2025-09-06',NULL,'1POL','Script User'),
(1667,'exam',37,14,'BJZ',3,'2025-09-06',NULL,'2POL','Script User'),
(1668,'final',37,14,'BJZ',3,'2025-09-06',NULL,'2POL','Script User'),
(1669,'exam',37,14,'DRM',3,'2025-09-06',NULL,'1POL','Script User'),
(1670,'final',37,14,'DRM',3,'2025-09-06',NULL,'1POL','Script User'),
(1671,'exam',37,14,'DRM',3,'2025-09-06',NULL,'2POL','Script User'),
(1672,'final',37,14,'DRM',3,'2025-09-06',NULL,'2POL','Script User'),
(1673,'exam',37,14,'ELEKTRON',3,'2025-09-06',NULL,'1POL','Script User'),
(1674,'final',37,14,'ELEKTRON',3,'2025-09-06',NULL,'1POL','Script User'),
(1675,'exam',37,14,'ELEKTRON',3,'2025-09-06',NULL,'2POL','Script User'),
(1676,'final',37,14,'ELEKTRON',3,'2025-09-06',NULL,'2POL','Script User'),
(1677,'exam',37,14,'ELKOL',3,'2025-09-06',NULL,'1POL','Script User'),
(1678,'final',37,14,'ELKOL',3,'2025-09-06',NULL,'1POL','Script User'),
(1679,'exam',37,14,'ELKOL',3,'2025-09-06',NULL,'2POL','Script User'),
(1680,'final',37,14,'ELKOL',3,'2025-09-06',NULL,'2POL','Script User'),
(1681,'exam',37,14,'ELMJER',3,'2025-09-06',NULL,'1POL','Script User'),
(1682,'final',37,14,'ELMJER',3,'2025-09-06',NULL,'1POL','Script User'),
(1683,'exam',37,14,'ELMJER',3,'2025-09-06',NULL,'2POL','Script User'),
(1684,'final',37,14,'ELMJER',3,'2025-09-06',NULL,'2POL','Script User'),
(1685,'exam',37,14,'ENG',3,'2025-09-06',NULL,'1POL','Script User'),
(1686,'final',37,14,'ENG',3,'2025-09-06',NULL,'1POL','Script User'),
(1687,'exam',37,14,'ENG',3,'2025-09-06',NULL,'2POL','Script User'),
(1688,'final',37,14,'ENG',3,'2025-09-06',NULL,'2POL','Script User'),
(1689,'exam',37,14,'MM',3,'2025-09-06',NULL,'1POL','Script User'),
(1690,'final',37,14,'MM',3,'2025-09-06',NULL,'1POL','Script User'),
(1691,'exam',37,14,'MM',3,'2025-09-06',NULL,'2POL','Script User'),
(1692,'final',37,14,'MM',3,'2025-09-06',NULL,'2POL','Script User'),
(1693,'exam',37,14,'PRKS',3,'2025-09-06',NULL,'1POL','Script User'),
(1694,'final',37,14,'PRKS',3,'2025-09-06',NULL,'1POL','Script User'),
(1695,'exam',37,14,'PRKS',3,'2025-09-06',NULL,'2POL','Script User'),
(1696,'final',37,14,'PRKS',3,'2025-09-06',NULL,'2POL','Script User'),
(1697,'exam',37,14,'RIP',3,'2025-09-06',NULL,'1POL','Script User'),
(1698,'final',37,14,'RIP',3,'2025-09-06',NULL,'1POL','Script User'),
(1699,'exam',37,14,'RIP',3,'2025-09-06',NULL,'2POL','Script User'),
(1700,'final',37,14,'RIP',3,'2025-09-06',NULL,'2POL','Script User'),
(1701,'exam',37,14,'SOCIO',3,'2025-09-06',NULL,'1POL','Script User'),
(1702,'final',37,14,'SOCIO',3,'2025-09-06',NULL,'1POL','Script User'),
(1703,'exam',37,14,'SOCIO',3,'2025-09-06',NULL,'2POL','Script User'),
(1704,'final',37,14,'SOCIO',3,'2025-09-06',NULL,'2POL','Script User'),
(1705,'exam',37,14,'TIZO',3,'2025-09-06',NULL,'1POL','Script User'),
(1706,'final',37,14,'TIZO',3,'2025-09-06',NULL,'1POL','Script User'),
(1707,'exam',37,14,'TIZO',3,'2025-09-06',NULL,'2POL','Script User'),
(1708,'final',37,14,'TIZO',3,'2025-09-06',NULL,'2POL','Script User'),
(1709,'exam',37,14,'VJR',3,'2025-09-06',NULL,'1POL','Script User'),
(1710,'final',37,14,'VJR',3,'2025-09-06',NULL,'1POL','Script User'),
(1711,'exam',37,14,'VJR',3,'2025-09-06',NULL,'2POL','Script User'),
(1712,'final',37,14,'VJR',3,'2025-09-06',NULL,'2POL','Script User'),
(1713,'exam',38,14,'AUTO',4,'2025-09-06',NULL,'1POL','Script User'),
(1714,'final',38,14,'AUTO',4,'2025-09-06',NULL,'1POL','Script User'),
(1715,'exam',38,14,'AUTO',4,'2025-09-06',NULL,'2POL','Script User'),
(1716,'final',38,14,'AUTO',4,'2025-09-06',NULL,'2POL','Script User'),
(1717,'exam',38,14,'BJZ',4,'2025-09-06',NULL,'1POL','Script User'),
(1718,'final',38,14,'BJZ',4,'2025-09-06',NULL,'1POL','Script User'),
(1719,'exam',38,14,'BJZ',4,'2025-09-06',NULL,'2POL','Script User'),
(1720,'final',38,14,'BJZ',4,'2025-09-06',NULL,'2POL','Script User'),
(1721,'exam',38,14,'DRM',4,'2025-09-06',NULL,'1POL','Script User'),
(1722,'final',38,14,'DRM',4,'2025-09-06',NULL,'1POL','Script User'),
(1723,'exam',38,14,'DRM',4,'2025-09-06',NULL,'2POL','Script User'),
(1724,'final',38,14,'DRM',4,'2025-09-06',NULL,'2POL','Script User'),
(1725,'exam',38,14,'ELEKTRON',4,'2025-09-06',NULL,'1POL','Script User'),
(1726,'final',38,14,'ELEKTRON',4,'2025-09-06',NULL,'1POL','Script User'),
(1727,'exam',38,14,'ELEKTRON',4,'2025-09-06',NULL,'2POL','Script User'),
(1728,'final',38,14,'ELEKTRON',4,'2025-09-06',NULL,'2POL','Script User'),
(1729,'exam',38,14,'ELKOL',4,'2025-09-06',NULL,'1POL','Script User'),
(1730,'final',38,14,'ELKOL',4,'2025-09-06',NULL,'1POL','Script User'),
(1731,'exam',38,14,'ELKOL',4,'2025-09-06',NULL,'2POL','Script User'),
(1732,'final',38,14,'ELKOL',4,'2025-09-06',NULL,'2POL','Script User'),
(1733,'exam',38,14,'ELMJER',4,'2025-09-06',NULL,'1POL','Script User'),
(1734,'final',38,14,'ELMJER',4,'2025-09-06',NULL,'1POL','Script User'),
(1735,'exam',38,14,'ELMJER',4,'2025-09-06',NULL,'2POL','Script User'),
(1736,'final',38,14,'ELMJER',4,'2025-09-06',NULL,'2POL','Script User'),
(1737,'exam',38,14,'ENG',4,'2025-09-06',NULL,'1POL','Script User'),
(1738,'final',38,14,'ENG',4,'2025-09-06',NULL,'1POL','Script User'),
(1739,'exam',38,14,'ENG',4,'2025-09-06',NULL,'2POL','Script User'),
(1740,'final',38,14,'ENG',4,'2025-09-06',NULL,'2POL','Script User'),
(1741,'exam',38,14,'MM',4,'2025-09-06',NULL,'1POL','Script User'),
(1742,'final',38,14,'MM',4,'2025-09-06',NULL,'1POL','Script User'),
(1743,'exam',38,14,'MM',4,'2025-09-06',NULL,'2POL','Script User'),
(1744,'final',38,14,'MM',4,'2025-09-06',NULL,'2POL','Script User'),
(1745,'exam',38,14,'PRKS',4,'2025-09-06',NULL,'1POL','Script User'),
(1746,'final',38,14,'PRKS',4,'2025-09-06',NULL,'1POL','Script User'),
(1747,'exam',38,14,'PRKS',4,'2025-09-06',NULL,'2POL','Script User'),
(1748,'final',38,14,'PRKS',4,'2025-09-06',NULL,'2POL','Script User'),
(1749,'exam',38,14,'RIP',4,'2025-09-06',NULL,'1POL','Script User'),
(1750,'final',38,14,'RIP',4,'2025-09-06',NULL,'1POL','Script User'),
(1751,'exam',38,14,'RIP',4,'2025-09-06',NULL,'2POL','Script User'),
(1752,'final',38,14,'RIP',4,'2025-09-06',NULL,'2POL','Script User'),
(1753,'exam',38,14,'SOCIO',4,'2025-09-06',NULL,'1POL','Script User'),
(1754,'final',38,14,'SOCIO',4,'2025-09-06',NULL,'1POL','Script User'),
(1755,'exam',38,14,'SOCIO',4,'2025-09-06',NULL,'2POL','Script User'),
(1756,'final',38,14,'SOCIO',4,'2025-09-06',NULL,'2POL','Script User'),
(1757,'exam',38,14,'TIZO',4,'2025-09-06',NULL,'1POL','Script User'),
(1758,'final',38,14,'TIZO',4,'2025-09-06',NULL,'1POL','Script User'),
(1759,'exam',38,14,'TIZO',4,'2025-09-06',NULL,'2POL','Script User'),
(1760,'final',38,14,'TIZO',4,'2025-09-06',NULL,'2POL','Script User'),
(1761,'exam',38,14,'VJR',4,'2025-09-06',NULL,'1POL','Script User'),
(1762,'final',38,14,'VJR',4,'2025-09-06',NULL,'1POL','Script User'),
(1763,'exam',38,14,'VJR',4,'2025-09-06',NULL,'2POL','Script User'),
(1764,'final',38,14,'VJR',4,'2025-09-06',NULL,'2POL','Script User'),
(1765,'exam',39,14,'AUTO',5,'2025-09-06',NULL,'1POL','Script User'),
(1766,'final',39,14,'AUTO',5,'2025-09-06',NULL,'1POL','Script User'),
(1767,'exam',39,14,'AUTO',5,'2025-09-06',NULL,'2POL','Script User'),
(1768,'final',39,14,'AUTO',5,'2025-09-06',NULL,'2POL','Script User'),
(1769,'exam',39,14,'BJZ',5,'2025-09-06',NULL,'1POL','Script User'),
(1770,'final',39,14,'BJZ',5,'2025-09-06',NULL,'1POL','Script User'),
(1771,'exam',39,14,'BJZ',5,'2025-09-06',NULL,'2POL','Script User'),
(1772,'final',39,14,'BJZ',5,'2025-09-06',NULL,'2POL','Script User'),
(1773,'exam',39,14,'DRM',5,'2025-09-06',NULL,'1POL','Script User'),
(1774,'final',39,14,'DRM',5,'2025-09-06',NULL,'1POL','Script User'),
(1775,'exam',39,14,'DRM',5,'2025-09-06',NULL,'2POL','Script User'),
(1776,'final',39,14,'DRM',5,'2025-09-06',NULL,'2POL','Script User'),
(1777,'exam',39,14,'ELEKTRON',5,'2025-09-06',NULL,'1POL','Script User'),
(1778,'final',39,14,'ELEKTRON',5,'2025-09-06',NULL,'1POL','Script User'),
(1779,'exam',39,14,'ELEKTRON',5,'2025-09-06',NULL,'2POL','Script User'),
(1780,'final',39,14,'ELEKTRON',5,'2025-09-06',NULL,'2POL','Script User'),
(1781,'exam',39,14,'ELKOL',5,'2025-09-06',NULL,'1POL','Script User'),
(1782,'final',39,14,'ELKOL',5,'2025-09-06',NULL,'1POL','Script User'),
(1783,'exam',39,14,'ELKOL',5,'2025-09-06',NULL,'2POL','Script User'),
(1784,'final',39,14,'ELKOL',5,'2025-09-06',NULL,'2POL','Script User'),
(1785,'exam',39,14,'ELMJER',5,'2025-09-06',NULL,'1POL','Script User'),
(1786,'final',39,14,'ELMJER',5,'2025-09-06',NULL,'1POL','Script User'),
(1787,'exam',39,14,'ELMJER',5,'2025-09-06',NULL,'2POL','Script User'),
(1788,'final',39,14,'ELMJER',5,'2025-09-06',NULL,'2POL','Script User'),
(1789,'exam',39,14,'ENG',5,'2025-09-06',NULL,'1POL','Script User'),
(1790,'final',39,14,'ENG',5,'2025-09-06',NULL,'1POL','Script User'),
(1791,'exam',39,14,'ENG',5,'2025-09-06',NULL,'2POL','Script User'),
(1792,'final',39,14,'ENG',5,'2025-09-06',NULL,'2POL','Script User'),
(1793,'exam',39,14,'MM',5,'2025-09-06',NULL,'1POL','Script User'),
(1794,'final',39,14,'MM',5,'2025-09-06',NULL,'1POL','Script User'),
(1795,'exam',39,14,'MM',5,'2025-09-06',NULL,'2POL','Script User'),
(1796,'final',39,14,'MM',5,'2025-09-06',NULL,'2POL','Script User'),
(1797,'exam',39,14,'PRKS',5,'2025-09-06',NULL,'1POL','Script User'),
(1798,'final',39,14,'PRKS',5,'2025-09-06',NULL,'1POL','Script User'),
(1799,'exam',39,14,'PRKS',5,'2025-09-06',NULL,'2POL','Script User'),
(1800,'final',39,14,'PRKS',5,'2025-09-06',NULL,'2POL','Script User'),
(1801,'exam',39,14,'RIP',5,'2025-09-06',NULL,'1POL','Script User'),
(1802,'final',39,14,'RIP',5,'2025-09-06',NULL,'1POL','Script User'),
(1803,'exam',39,14,'RIP',5,'2025-09-06',NULL,'2POL','Script User'),
(1804,'final',39,14,'RIP',5,'2025-09-06',NULL,'2POL','Script User'),
(1805,'exam',39,14,'SOCIO',5,'2025-09-06',NULL,'1POL','Script User'),
(1806,'final',39,14,'SOCIO',5,'2025-09-06',NULL,'1POL','Script User'),
(1807,'exam',39,14,'SOCIO',5,'2025-09-06',NULL,'2POL','Script User'),
(1808,'final',39,14,'SOCIO',5,'2025-09-06',NULL,'2POL','Script User'),
(1809,'exam',39,14,'TIZO',5,'2025-09-06',NULL,'1POL','Script User'),
(1810,'final',39,14,'TIZO',5,'2025-09-06',NULL,'1POL','Script User'),
(1811,'exam',39,14,'TIZO',5,'2025-09-06',NULL,'2POL','Script User'),
(1812,'final',39,14,'TIZO',5,'2025-09-06',NULL,'2POL','Script User'),
(1813,'exam',39,14,'VJR',5,'2025-09-06',NULL,'1POL','Script User'),
(1814,'final',39,14,'VJR',5,'2025-09-06',NULL,'1POL','Script User'),
(1815,'exam',39,14,'VJR',5,'2025-09-06',NULL,'2POL','Script User'),
(1816,'final',39,14,'VJR',5,'2025-09-06',NULL,'2POL','Script User'),
(1817,'exam',40,14,'AUTO',2,'2025-09-06',NULL,'1POL','Script User'),
(1818,'final',40,14,'AUTO',2,'2025-09-06',NULL,'1POL','Script User'),
(1819,'exam',40,14,'AUTO',2,'2025-09-06',NULL,'2POL','Script User'),
(1820,'final',40,14,'AUTO',2,'2025-09-06',NULL,'2POL','Script User'),
(1821,'exam',40,14,'BJZ',2,'2025-09-06',NULL,'1POL','Script User'),
(1822,'final',40,14,'BJZ',2,'2025-09-06',NULL,'1POL','Script User'),
(1823,'exam',40,14,'BJZ',2,'2025-09-06',NULL,'2POL','Script User'),
(1824,'final',40,14,'BJZ',2,'2025-09-06',NULL,'2POL','Script User'),
(1825,'exam',40,14,'DRM',2,'2025-09-06',NULL,'1POL','Script User'),
(1826,'final',40,14,'DRM',2,'2025-09-06',NULL,'1POL','Script User'),
(1827,'exam',40,14,'DRM',2,'2025-09-06',NULL,'2POL','Script User'),
(1828,'final',40,14,'DRM',2,'2025-09-06',NULL,'2POL','Script User'),
(1829,'exam',40,14,'ELEKTRON',2,'2025-09-06',NULL,'1POL','Script User'),
(1830,'final',40,14,'ELEKTRON',2,'2025-09-06',NULL,'1POL','Script User'),
(1831,'exam',40,14,'ELEKTRON',2,'2025-09-06',NULL,'2POL','Script User'),
(1832,'final',40,14,'ELEKTRON',2,'2025-09-06',NULL,'2POL','Script User'),
(1833,'exam',40,14,'ELKOL',2,'2025-09-06',NULL,'1POL','Script User'),
(1834,'final',40,14,'ELKOL',2,'2025-09-06',NULL,'1POL','Script User'),
(1835,'exam',40,14,'ELKOL',2,'2025-09-06',NULL,'2POL','Script User'),
(1836,'final',40,14,'ELKOL',2,'2025-09-06',NULL,'2POL','Script User'),
(1837,'exam',40,14,'ELMJER',2,'2025-09-06',NULL,'1POL','Script User'),
(1838,'final',40,14,'ELMJER',2,'2025-09-06',NULL,'1POL','Script User'),
(1839,'exam',40,14,'ELMJER',2,'2025-09-06',NULL,'2POL','Script User'),
(1840,'final',40,14,'ELMJER',2,'2025-09-06',NULL,'2POL','Script User'),
(1841,'exam',40,14,'ENG',2,'2025-09-06',NULL,'1POL','Script User'),
(1842,'final',40,14,'ENG',2,'2025-09-06',NULL,'1POL','Script User'),
(1843,'exam',40,14,'ENG',2,'2025-09-06',NULL,'2POL','Script User'),
(1844,'final',40,14,'ENG',2,'2025-09-06',NULL,'2POL','Script User'),
(1845,'exam',40,14,'MM',2,'2025-09-06',NULL,'1POL','Script User'),
(1846,'final',40,14,'MM',2,'2025-09-06',NULL,'1POL','Script User'),
(1847,'exam',40,14,'MM',2,'2025-09-06',NULL,'2POL','Script User'),
(1848,'final',40,14,'MM',2,'2025-09-06',NULL,'2POL','Script User'),
(1849,'exam',40,14,'PRKS',2,'2025-09-06',NULL,'1POL','Script User'),
(1850,'final',40,14,'PRKS',2,'2025-09-06',NULL,'1POL','Script User'),
(1851,'exam',40,14,'PRKS',2,'2025-09-06',NULL,'2POL','Script User'),
(1852,'final',40,14,'PRKS',2,'2025-09-06',NULL,'2POL','Script User'),
(1853,'exam',40,14,'RIP',2,'2025-09-06',NULL,'1POL','Script User'),
(1854,'final',40,14,'RIP',2,'2025-09-06',NULL,'1POL','Script User'),
(1855,'exam',40,14,'RIP',2,'2025-09-06',NULL,'2POL','Script User'),
(1856,'final',40,14,'RIP',2,'2025-09-06',NULL,'2POL','Script User'),
(1857,'exam',40,14,'SOCIO',2,'2025-09-06',NULL,'1POL','Script User'),
(1858,'final',40,14,'SOCIO',2,'2025-09-06',NULL,'1POL','Script User'),
(1859,'exam',40,14,'SOCIO',2,'2025-09-06',NULL,'2POL','Script User'),
(1860,'final',40,14,'SOCIO',2,'2025-09-06',NULL,'2POL','Script User'),
(1861,'exam',40,14,'TIZO',2,'2025-09-06',NULL,'1POL','Script User'),
(1862,'final',40,14,'TIZO',2,'2025-09-06',NULL,'1POL','Script User'),
(1863,'exam',40,14,'TIZO',2,'2025-09-06',NULL,'2POL','Script User'),
(1864,'final',40,14,'TIZO',2,'2025-09-06',NULL,'2POL','Script User'),
(1865,'exam',40,14,'VJR',2,'2025-09-06',NULL,'1POL','Script User'),
(1866,'final',40,14,'VJR',2,'2025-09-06',NULL,'1POL','Script User'),
(1867,'exam',40,14,'VJR',2,'2025-09-06',NULL,'2POL','Script User'),
(1868,'final',40,14,'VJR',2,'2025-09-06',NULL,'2POL','Script User'),
(1869,'exam',41,14,'AUTO',3,'2025-09-06',NULL,'1POL','Script User'),
(1870,'final',41,14,'AUTO',3,'2025-09-06',NULL,'1POL','Script User'),
(1871,'exam',41,14,'AUTO',3,'2025-09-06',NULL,'2POL','Script User'),
(1872,'final',41,14,'AUTO',3,'2025-09-06',NULL,'2POL','Script User'),
(1873,'exam',41,14,'BJZ',3,'2025-09-06',NULL,'1POL','Script User'),
(1874,'final',41,14,'BJZ',3,'2025-09-06',NULL,'1POL','Script User'),
(1875,'exam',41,14,'BJZ',3,'2025-09-06',NULL,'2POL','Script User'),
(1876,'final',41,14,'BJZ',3,'2025-09-06',NULL,'2POL','Script User'),
(1877,'exam',41,14,'DRM',3,'2025-09-06',NULL,'1POL','Script User'),
(1878,'final',41,14,'DRM',3,'2025-09-06',NULL,'1POL','Script User'),
(1879,'exam',41,14,'DRM',3,'2025-09-06',NULL,'2POL','Script User'),
(1880,'final',41,14,'DRM',3,'2025-09-06',NULL,'2POL','Script User'),
(1881,'exam',41,14,'ELEKTRON',3,'2025-09-06',NULL,'1POL','Script User'),
(1882,'final',41,14,'ELEKTRON',3,'2025-09-06',NULL,'1POL','Script User'),
(1883,'exam',41,14,'ELEKTRON',3,'2025-09-06',NULL,'2POL','Script User'),
(1884,'final',41,14,'ELEKTRON',3,'2025-09-06',NULL,'2POL','Script User'),
(1885,'exam',41,14,'ELKOL',3,'2025-09-06',NULL,'1POL','Script User'),
(1886,'final',41,14,'ELKOL',3,'2025-09-06',NULL,'1POL','Script User'),
(1887,'exam',41,14,'ELKOL',3,'2025-09-06',NULL,'2POL','Script User'),
(1888,'final',41,14,'ELKOL',3,'2025-09-06',NULL,'2POL','Script User'),
(1889,'exam',41,14,'ELMJER',3,'2025-09-06',NULL,'1POL','Script User'),
(1890,'final',41,14,'ELMJER',3,'2025-09-06',NULL,'1POL','Script User'),
(1891,'exam',41,14,'ELMJER',3,'2025-09-06',NULL,'2POL','Script User'),
(1892,'final',41,14,'ELMJER',3,'2025-09-06',NULL,'2POL','Script User'),
(1893,'exam',41,14,'ENG',3,'2025-09-06',NULL,'1POL','Script User'),
(1894,'final',41,14,'ENG',3,'2025-09-06',NULL,'1POL','Script User'),
(1895,'exam',41,14,'ENG',3,'2025-09-06',NULL,'2POL','Script User'),
(1896,'final',41,14,'ENG',3,'2025-09-06',NULL,'2POL','Script User'),
(1897,'exam',41,14,'MM',3,'2025-09-06',NULL,'1POL','Script User'),
(1898,'final',41,14,'MM',3,'2025-09-06',NULL,'1POL','Script User'),
(1899,'exam',41,14,'MM',3,'2025-09-06',NULL,'2POL','Script User'),
(1900,'final',41,14,'MM',3,'2025-09-06',NULL,'2POL','Script User'),
(1901,'exam',41,14,'PRKS',3,'2025-09-06',NULL,'1POL','Script User'),
(1902,'final',41,14,'PRKS',3,'2025-09-06',NULL,'1POL','Script User'),
(1903,'exam',41,14,'PRKS',3,'2025-09-06',NULL,'2POL','Script User'),
(1904,'final',41,14,'PRKS',3,'2025-09-06',NULL,'2POL','Script User'),
(1905,'exam',41,14,'RIP',3,'2025-09-06',NULL,'1POL','Script User'),
(1906,'final',41,14,'RIP',3,'2025-09-06',NULL,'1POL','Script User'),
(1907,'exam',41,14,'RIP',3,'2025-09-06',NULL,'2POL','Script User'),
(1908,'final',41,14,'RIP',3,'2025-09-06',NULL,'2POL','Script User'),
(1909,'exam',41,14,'SOCIO',3,'2025-09-06',NULL,'1POL','Script User'),
(1910,'final',41,14,'SOCIO',3,'2025-09-06',NULL,'1POL','Script User'),
(1911,'exam',41,14,'SOCIO',3,'2025-09-06',NULL,'2POL','Script User'),
(1912,'final',41,14,'SOCIO',3,'2025-09-06',NULL,'2POL','Script User'),
(1913,'exam',41,14,'TIZO',3,'2025-09-06',NULL,'1POL','Script User'),
(1914,'final',41,14,'TIZO',3,'2025-09-06',NULL,'1POL','Script User'),
(1915,'exam',41,14,'TIZO',3,'2025-09-06',NULL,'2POL','Script User'),
(1916,'final',41,14,'TIZO',3,'2025-09-06',NULL,'2POL','Script User'),
(1917,'exam',41,14,'VJR',3,'2025-09-06',NULL,'1POL','Script User'),
(1918,'final',41,14,'VJR',3,'2025-09-06',NULL,'1POL','Script User'),
(1919,'exam',41,14,'VJR',3,'2025-09-06',NULL,'2POL','Script User'),
(1920,'final',41,14,'VJR',3,'2025-09-06',NULL,'2POL','Script User');
/*!40000 ALTER TABLE `student_grades` ENABLE KEYS */;
UNLOCK TABLES;
commit;
/*!50003 SET @saved_cs_client      = @@character_set_client */ ;
/*!50003 SET @saved_cs_results     = @@character_set_results */ ;
/*!50003 SET @saved_col_connection = @@collation_connection */ ;
/*!50003 SET character_set_client  = utf8mb4 */ ;
/*!50003 SET character_set_results = utf8mb4 */ ;
/*!50003 SET collation_connection  = utf8mb4_uca1400_ai_ci */ ;
/*!50003 SET @saved_sql_mode       = @@sql_mode */ ;
/*!50003 SET sql_mode              = 'STRICT_TRANS_TABLES,ERROR_FOR_DIVISION_BY_ZERO,NO_AUTO_CREATE_USER,NO_ENGINE_SUBSTITUTION' */ ;
DELIMITER ;;
/*!50003 CREATE*/ /*!50017 DEFINER=`service_reader`@`localhost`*/ /*!50003 TRIGGER prevent_multiple_final_grades_insert
BEFORE INSERT ON student_grades
FOR EACH ROW
BEGIN
    DECLARE existing_count INT DEFAULT 0;
    IF NEW.type = 'final' THEN
        SELECT COUNT(*) INTO existing_count
        FROM student_grades
        WHERE pupil_id = NEW.pupil_id
          AND section_id = NEW.section_id
          AND subject_code = NEW.subject_code
          AND semester_code = NEW.semester_code
          AND type = 'final';
        IF existing_count > 0 THEN
            SIGNAL SQLSTATE '45000'
            SET MESSAGE_TEXT = 'A final grade already exists for this pupil-section-subject-semester combination';
        END IF;
    END IF;
END */;;
DELIMITER ;
/*!50003 SET sql_mode              = @saved_sql_mode */ ;
/*!50003 SET character_set_client  = @saved_cs_client */ ;
/*!50003 SET character_set_results = @saved_cs_results */ ;
/*!50003 SET collation_connection  = @saved_col_connection */ ;
/*!50003 SET @saved_cs_client      = @@character_set_client */ ;
/*!50003 SET @saved_cs_results     = @@character_set_results */ ;
/*!50003 SET @saved_col_connection = @@collation_connection */ ;
/*!50003 SET character_set_client  = utf8mb4 */ ;
/*!50003 SET character_set_results = utf8mb4 */ ;
/*!50003 SET collation_connection  = utf8mb4_uca1400_ai_ci */ ;
/*!50003 SET @saved_sql_mode       = @@sql_mode */ ;
/*!50003 SET sql_mode              = 'STRICT_TRANS_TABLES,ERROR_FOR_DIVISION_BY_ZERO,NO_AUTO_CREATE_USER,NO_ENGINE_SUBSTITUTION' */ ;
DELIMITER ;;
/*!50003 CREATE*/ /*!50017 DEFINER=`service_reader`@`localhost`*/ /*!50003 TRIGGER prevent_multiple_final_grades_update
BEFORE UPDATE ON student_grades
FOR EACH ROW
BEGIN
    DECLARE existing_count INT DEFAULT 0;
    IF NEW.type = 'final' AND OLD.type != 'final' THEN
        SELECT COUNT(*) INTO existing_count
        FROM student_grades
        WHERE pupil_id = NEW.pupil_id
          AND section_id = NEW.section_id
          AND subject_code = NEW.subject_code
          AND semester_code = NEW.semester_code
          AND type = 'final'
          AND id != NEW.id;
        IF existing_count > 0 THEN
            SIGNAL SQLSTATE '45000'
            SET MESSAGE_TEXT = 'A final grade already exists for this pupil-section-subject-semester combination';
        END IF;
    END IF;
END */;;
DELIMITER ;
/*!50003 SET sql_mode              = @saved_sql_mode */ ;
/*!50003 SET character_set_client  = @saved_cs_client */ ;
/*!50003 SET character_set_results = @saved_cs_results */ ;
/*!50003 SET collation_connection  = @saved_col_connection */ ;

--
-- Table structure for table `teachers_sections`
--

DROP TABLE IF EXISTS `teachers_sections`;
/*!40101 SET @saved_cs_client     = @@character_set_client */;
/*!40101 SET character_set_client = utf8mb4 */;
CREATE TABLE `teachers_sections` (
  `teacher_id` int(11) NOT NULL,
  `section_id` int(11) NOT NULL,
  PRIMARY KEY (`teacher_id`,`section_id`),
  KEY `section_id` (`section_id`),
  CONSTRAINT `teachers_sections_ibfk_1` FOREIGN KEY (`teacher_id`) REFERENCES `ednevnik_workspace`.`teachers` (`id`),
  CONSTRAINT `teachers_sections_ibfk_2` FOREIGN KEY (`section_id`) REFERENCES `sections` (`id`) ON DELETE CASCADE
) ENGINE=InnoDB DEFAULT CHARSET=utf8mb4 COLLATE=utf8mb4_bin;
/*!40101 SET character_set_client = @saved_cs_client */;

--
-- Dumping data for table `teachers_sections`
--

LOCK TABLES `teachers_sections` WRITE;
/*!40000 ALTER TABLE `teachers_sections` DISABLE KEYS */;
set autocommit=0;
/*!40000 ALTER TABLE `teachers_sections` ENABLE KEYS */;
UNLOCK TABLES;
commit;

--
-- Table structure for table `teachers_sections_invite`
--

DROP TABLE IF EXISTS `teachers_sections_invite`;
/*!40101 SET @saved_cs_client     = @@character_set_client */;
/*!40101 SET character_set_client = utf8mb4 */;
CREATE TABLE `teachers_sections_invite` (
  `id` int(11) NOT NULL AUTO_INCREMENT,
  `teacher_id` int(11) DEFAULT NULL,
  `section_id` int(11) DEFAULT NULL,
  `invite_date` date DEFAULT curdate(),
  `status` enum('pending','accepted','declined') DEFAULT 'pending',
  `homeroom_teacher` tinyint(1) DEFAULT 0,
  PRIMARY KEY (`id`),
  KEY `teacher_id` (`teacher_id`),
  KEY `section_id` (`section_id`),
  KEY `idx_tsi_id_homeroom` (`id`,`homeroom_teacher`),
  CONSTRAINT `teachers_sections_invite_ibfk_1` FOREIGN KEY (`teacher_id`) REFERENCES `ednevnik_workspace`.`teachers` (`id`),
  CONSTRAINT `teachers_sections_invite_ibfk_2` FOREIGN KEY (`section_id`) REFERENCES `sections` (`id`) ON DELETE CASCADE
) ENGINE=InnoDB DEFAULT CHARSET=utf8mb4 COLLATE=utf8mb4_bin;
/*!40101 SET character_set_client = @saved_cs_client */;

--
-- Dumping data for table `teachers_sections_invite`
--

LOCK TABLES `teachers_sections_invite` WRITE;
/*!40000 ALTER TABLE `teachers_sections_invite` DISABLE KEYS */;
set autocommit=0;
/*!40000 ALTER TABLE `teachers_sections_invite` ENABLE KEYS */;
UNLOCK TABLES;
commit;

--
-- Table structure for table `teachers_sections_invite_subjects`
--

DROP TABLE IF EXISTS `teachers_sections_invite_subjects`;
/*!40101 SET @saved_cs_client     = @@character_set_client */;
/*!40101 SET character_set_client = utf8mb4 */;
CREATE TABLE `teachers_sections_invite_subjects` (
  `invite_id` int(11) NOT NULL,
  `subject_code` varchar(15) NOT NULL,
  PRIMARY KEY (`invite_id`,`subject_code`),
  KEY `subject_code` (`subject_code`),
  CONSTRAINT `teachers_sections_invite_subjects_ibfk_1` FOREIGN KEY (`invite_id`) REFERENCES `teachers_sections_invite` (`id`) ON DELETE CASCADE,
  CONSTRAINT `teachers_sections_invite_subjects_ibfk_2` FOREIGN KEY (`subject_code`) REFERENCES `ednevnik_workspace`.`subjects` (`subject_code`)
) ENGINE=InnoDB DEFAULT CHARSET=utf8mb4 COLLATE=utf8mb4_bin;
/*!40101 SET character_set_client = @saved_cs_client */;

--
-- Dumping data for table `teachers_sections_invite_subjects`
--

LOCK TABLES `teachers_sections_invite_subjects` WRITE;
/*!40000 ALTER TABLE `teachers_sections_invite_subjects` DISABLE KEYS */;
set autocommit=0;
/*!40000 ALTER TABLE `teachers_sections_invite_subjects` ENABLE KEYS */;
UNLOCK TABLES;
commit;

--
-- Table structure for table `teachers_sections_subjects`
--

DROP TABLE IF EXISTS `teachers_sections_subjects`;
/*!40101 SET @saved_cs_client     = @@character_set_client */;
/*!40101 SET character_set_client = utf8mb4 */;
CREATE TABLE `teachers_sections_subjects` (
  `section_id` int(11) NOT NULL,
  `subject_code` varchar(15) NOT NULL,
  `teacher_id` int(11) NOT NULL,
  PRIMARY KEY (`teacher_id`,`subject_code`,`section_id`),
  KEY `section_id` (`section_id`),
  KEY `subject_code` (`subject_code`),
  KEY `idx_tss_teacher_section` (`teacher_id`,`section_id`),
  CONSTRAINT `teachers_sections_subjects_ibfk_1` FOREIGN KEY (`section_id`) REFERENCES `sections` (`id`) ON DELETE CASCADE,
  CONSTRAINT `teachers_sections_subjects_ibfk_2` FOREIGN KEY (`subject_code`) REFERENCES `ednevnik_workspace`.`subjects` (`subject_code`),
  CONSTRAINT `teachers_sections_subjects_ibfk_3` FOREIGN KEY (`teacher_id`) REFERENCES `ednevnik_workspace`.`teachers` (`id`)
) ENGINE=InnoDB DEFAULT CHARSET=utf8mb4 COLLATE=utf8mb4_bin;
/*!40101 SET character_set_client = @saved_cs_client */;

--
-- Dumping data for table `teachers_sections_subjects`
--

LOCK TABLES `teachers_sections_subjects` WRITE;
/*!40000 ALTER TABLE `teachers_sections_subjects` DISABLE KEYS */;
set autocommit=0;
/*!40000 ALTER TABLE `teachers_sections_subjects` ENABLE KEYS */;
UNLOCK TABLES;
commit;

--
-- Table structure for table `time_periods`
--

DROP TABLE IF EXISTS `time_periods`;
/*!40101 SET @saved_cs_client     = @@character_set_client */;
/*!40101 SET character_set_client = utf8mb4 */;
CREATE TABLE `time_periods` (
  `id` int(11) NOT NULL AUTO_INCREMENT,
  `section_id` int(11) NOT NULL,
  `start_time` time NOT NULL,
  `end_time` time NOT NULL,
  `batch_id` varchar(50) NOT NULL,
  PRIMARY KEY (`id`),
  KEY `section_id` (`section_id`),
  KEY `idx_time_period_start_time` (`start_time`),
  CONSTRAINT `time_periods_ibfk_1` FOREIGN KEY (`section_id`) REFERENCES `sections` (`id`) ON DELETE CASCADE
) ENGINE=InnoDB AUTO_INCREMENT=10 DEFAULT CHARSET=utf8mb4 COLLATE=utf8mb4_bin WITH SYSTEM VERSIONING;
/*!40101 SET character_set_client = @saved_cs_client */;

--
-- Dumping data for table `time_periods`
--

LOCK TABLES `time_periods` WRITE;
/*!40000 ALTER TABLE `time_periods` DISABLE KEYS */;
set autocommit=0;
INSERT INTO `time_periods` VALUES
(2,7,'08:00:00','08:45:00','3a089690-d4fd-49c6-aa9a-5ba87dccde26'),
(3,8,'08:00:00','08:45:00','9ce9595d-d5b7-43c2-ae82-c1ebf48acff4'),
(4,9,'08:00:00','08:45:00','f59d9eb4-dd07-42b2-aab5-d9ad45ad4cf4'),
(5,10,'08:00:00','08:45:00','08d86f32-025f-4cda-9eba-94bbdfdbe954'),
(6,11,'08:00:00','08:45:00','5f3f2590-d2b6-4290-8aff-8cce3b106268'),
(7,12,'08:00:00','08:45:00','9c980937-35ef-4aa0-90fa-142f20d7aebb'),
(8,13,'08:00:00','08:45:00','aef3a62a-565d-484f-a1d2-f630c6a86b72'),
(9,14,'08:00:00','08:45:00','1c8fd25d-0668-4777-b5ae-9588ace810d7');
/*!40000 ALTER TABLE `time_periods` ENABLE KEYS */;
UNLOCK TABLES;
commit;

--
-- Dumping events for database 'ednevnik_tenant_db_tenant_id_2'
--

--
-- Dumping routines for database 'ednevnik_tenant_db_tenant_id_2'
--
/*!40103 SET TIME_ZONE=@OLD_TIME_ZONE */;

/*!40101 SET SQL_MODE=@OLD_SQL_MODE */;
/*!40014 SET FOREIGN_KEY_CHECKS=@OLD_FOREIGN_KEY_CHECKS */;
/*!40014 SET UNIQUE_CHECKS=@OLD_UNIQUE_CHECKS */;
/*!40101 SET CHARACTER_SET_CLIENT=@OLD_CHARACTER_SET_CLIENT */;
/*!40101 SET CHARACTER_SET_RESULTS=@OLD_CHARACTER_SET_RESULTS */;
/*!40101 SET COLLATION_CONNECTION=@OLD_COLLATION_CONNECTION */;
/*M!100616 SET NOTE_VERBOSITY=@OLD_NOTE_VERBOSITY */;

-- Dump completed on 2025-09-07 17:13:42
